대학명,모집단위명,군,계열,반영유형,탐구수,백분위배치컷,영어등급,전형명
가온대,영어영문학과,다,인문,국수영탐,2,285,1,일반전형
가온대,경영학과,나,인문,국수영탐,2,281,1,일반전형
가온대,미디어학과,가,인문,국영탐,2,285,1,일반전형
가온대,경제학과,가,인문,국수영탐,2,281,1,일반전형
가온대,심리학과,다,인문,국수영탐,2,283,1,일반전형
가온대,생명과학과,가,자연,국수영탐,1,284,1,일반전형
가온대,기계공학과,나,자연,국수영탐,2,287,1,일반전형
가온대,컴퓨터공학과,다,자연,국수영탐,2,281,1,일반전형
가온대,건축학과,다,자연,국수탐,2,283,1,일반전형
가온대,간호학과,가,자연,국수영탐,2,281,1,일반전형
가온대,자유전공학부,다,인자,국수탐,2,283,1,일반전형
가온대,컴퓨터공학과,다,자연,국수탐,2,280,1,지역인재전형
가온대,체육교육과,다,예체능,국영탐,2,254,3,실기전형
나래대,사회학과,가,인문,국수탐,2,284,1,일반전형
나래대,미디어학과,다,인문,국수탐,2,292,1,일반전형
나래대,국어국문학과,나,인문,국수영탐,2,288,1,일반전형
나래대,영어영문학과,가,인문,국수영탐,2,285,1,일반전형
나래대,경제학과,다,인문,국영탐,2,285,1,일반전형
나래대,기계공학과,가,자연,국수영탐,2,291,1,일반전형
나래대,간호학과,나,자연,국수영탐,2,285,1,일반전형
나래대,화학과,가,자연,국수영탐,2,290,1,일반전형
나래대,생명과학과,가,자연,국수탐,2,286,1,일반전형
나래대,컴퓨터공학과,다,자연,국수영탐,2,287,1,일반전형
나래대,자유전공학부,나,인자,국수영탐,1,287,1,일반전형
나래대,생명과학과,나,자연,국수탐,2,283,1,지역인재전형
나래대,체육교육과,다,예체능,국영탐,2,257,2,실기전형
다솜대,경제학과,다,인문,국영탐,2,282,1,일반전형
다솜대,심리학과,다,인문,국영탐,2,286,1,일반전형
다솜대,영어영문학과,나,인문,국수영탐,2,281,1,일반전형
다솜대,경영학과,가,인문,국수영탐,2,288,1,일반전형
다솜대,사회학과,가,인문,국수영탐,2,281,1,일반전형
다솜대,생명과학과,가,자연,국수영탐,1,291,1,일반전형
다솜대,건축학과,다,자연,국수영탐,2,288,1,일반전형
다솜대,전자공학과,가,자연,국수영탐,2,288,1,일반전형
다솜대,기계공학과,가,자연,국수영과,2,285,1,일반전형
다솜대,수학과,가,자연,국영탐,2,288,1,일반전형
다솜대,자유전공학부,나,인자,국수영탐,2,286,1,일반전형
다솜대,생명과학과,나,자연,국영탐,2,284,1,지역인재전형
다솜대,체육교육과,가,예체능,국영탐,2,258,2,실기전형
라온대,사회학과,나,인문,국영탐,2,274,1,일반전형
라온대,국어국문학과,나,인문,국수영탐,2,274,1,일반전형
라온대,행정학과,다,인문,국수탐,1,272,2,일반전형
라온대,영어영문학과,다,인문,국영탐,2,278,1,일반전형
라온대,심리학과,나,인문,국수영탐,1,274,1,일반전형
라온대,수학과,다,자연,국영탐,2,278,1,일반전형
라온대,간호학과,가,자연,국수탐,2,278,1,일반전형
라온대,화학과,다,자연,국수영과,2,282,1,일반전형
라온대,기계공학과,가,자연,국수영탐,2,279,1,일반전형
라온대,생명과학과,다,자연,국수영탐,2,278,1,일반전형
라온대,자유전공학부,가,인자,국수탐,2,276,1,일반전형
라온대,전자공학과,나,자연,국수영탐,2,271,2,지역인재전형
라온대,체육교육과,나,예체능,국영탐,2,245,3,실기전형
마루대,행정학과,가,인문,국수영탐,2,270,2,일반전형
마루대,경제학과,가,인문,국영탐,2,281,1,일반전형
마루대,국어국문학과,가,인문,국수영탐,2,278,1,일반전형
마루대,경영학과,나,인문,국수탐,2,274,1,일반전형
마루대,심리학과,다,인문,국수영탐,2,274,1,일반전형
마루대,생명과학과,다,자연,국수영탐,2,279,1,일반전형
마루대,기계공학과,나,자연,국수영과,2,271,2,일반전형
마루대,컴퓨터공학과,다,자연,국수탐,2,281,1,일반전형
마루대,수학과,다,자연,국수영탐,2,277,1,일반전형
마루대,간호학과,가,자연,국수탐,1,275,1,일반전형
마루대,자유전공학부,나,인자,국수영탐,2,277,1,일반전형
마루대,컴퓨터공학과,가,자연,국수영과,1,272,2,지역인재전형
마루대,체육교육과,가,예체능,국영탐,1,246,3,실기전형
바름대,경영학과,나,인문,국수영탐,2,276,1,일반전형
바름대,미디어학과,다,인문,국영탐,2,277,1,일반전형
바름대,심리학과,가,인문,국수영탐,1,281,1,일반전형
바름대,국어국문학과,가,인문,국수영탐,2,276,1,일반전형
바름대,사회학과,나,인문,국수영탐,2,281,1,일반전형
바름대,전자공학과,가,자연,국영탐,2,280,1,일반전형
바름대,화학과,나,자연,국수영과,2,275,1,일반전형
바름대,생명과학과,나,자연,국수영탐,2,280,1,일반전형
바름대,수학과,다,자연,국수영탐,2,277,1,일반전형
바름대,건축학과,나,자연,국수영탐,2,278,1,일반전형
바름대,자유전공학부,나,인자,국수탐,2,276,1,일반전형
바름대,컴퓨터공학과,가,자연,국수영탐,2,274,1,지역인재전형
바름대,체육교육과,가,예체능,국영탐,2,248,3,실기전형
새봄대,미디어학과,나,인문,국수영탐,2,267,2,일반전형
새봄대,사회학과,나,인문,국수탐,1,271,2,일반전형
새봄대,심리학과,다,인문,국수영탐,2,262,2,일반전형
새봄대,행정학과,나,인문,국영탐,2,265,2,일반전형
새봄대,영어영문학과,다,인문,국영탐,2,270,2,일반전형
새봄대,수학과,나,자연,국수탐,2,267,2,일반전형
새봄대,기계공학과,다,자연,국영탐,2,267,2,일반전형
새봄대,컴퓨터공학과,나,자연,국수영탐,1,263,2,일반전형
새봄대,전자공학과,다,자연,국수영탐,2,270,2,일반전형
새봄대,화학과,다,자연,국수영탐,2,264,2,일반전형
새봄대,자유전공학부,나,인자,국수영탐,1,267,2,일반전형
새봄대,생명과학과,가,자연,국수영탐,2,264,2,지역인재전형
새봄대,체육교육과,다,예체능,국영탐,2,238,3,실기전형
아라대,영어영문학과,다,인문,국수탐,2,266,2,일반전형
아라대,경영학과,나,인문,국수영탐,2,270,2,일반전형
아라대,국어국문학과,다,인문,국수영탐,2,270,2,일반전형
아라대,경제학과,다,인문,국수영탐,2,270,2,일반전형
아라대,행정학과,나,인문,국수영탐,2,271,2,일반전형
아라대,기계공학과,가,자연,국수영탐,2,272,2,일반전형
아라대,건축학과,다,자연,국수영과,2,272,2,일반전형
아라대,간호학과,나,자연,국수영탐,2,270,2,일반전형
아라대,화학과,나,자연,국수영탐,1,268,2,일반전형
아라대,전자공학과,나,자연,국수영탐,2,269,2,일반전형
아라대,자유전공학부,나,인자,국수영탐,2,270,2,일반전형
아라대,전자공학과,가,자연,국영탐,2,265,2,지역인재전형
아라대,체육교육과,다,예체능,국영탐,2,239,3,실기전형
온누리대,영어영문학과,나,인문,국영탐,2,265,2,일반전형
온누리대,경제학과,다,인문,국수영탐,2,268,2,일반전형
온누리대,미디어학과,다,인문,국수영탐,2,263,2,일반전형
온누리대,국어국문학과,다,인문,국수영탐,2,267,2,일반전형
온누리대,행정학과,가,인문,국수영탐,2,270,2,일반전형
온누리대,컴퓨터공학과,다,자연,국수영과,2,266,2,일반전형
온누리대,생명과학과,다,자연,국수영탐,2,266,2,일반전형
온누리대,전자공학과,다,자연,국수영과,2,271,2,일반전형
온누리대,건축학과,나,자연,국영탐,2,271,2,일반전형
온누리대,수학과,가,자연,국수영탐,2,273,2,일반전형
온누리대,자유전공학부,가,인자,국수영탐,2,266,2,일반전형
온누리대,수학과,가,자연,국수영탐,2,263,2,지역인재전형
온누리대,체육교육과,다,예체능,국영탐,2,237,4,실기전형
이음대,행정학과,나,인문,국수탐,2,264,2,일반전형
이음대,국어국문학과,가,인문,국수영탐,2,259,2,일반전형
이음대,미디어학과,가,인문,국수탐,2,264,2,일반전형
이음대,경영학과,가,인문,국수탐,2,261,2,일반전형
이음대,경제학과,가,인문,국영탐,2,264,2,일반전형
이음대,전자공학과,다,자연,국영탐,2,266,2,일반전형
이음대,컴퓨터공학과,가,자연,국수영과,1,264,2,일반전형
이음대,간호학과,다,자연,국수영탐,2,270,2,일반전형
이음대,기계공학과,다,자연,국수탐,2,265,2,일반전형
이음대,건축학과,가,자연,국수영과,2,266,2,일반전형
이음대,자유전공학부,가,인자,국수영탐,2,265,2,일반전형
이음대,생명과학과,나,자연,국수영탐,2,260,2,지역인재전형
이음대,체육교육과,가,예체능,국영탐,2,234,4,실기전형
자람대,사회학과,다,인문,국영탐,2,255,2,일반전형
자람대,영어영문학과,다,인문,국수영탐,2,258,2,일반전형
자람대,심리학과,가,인문,국수영탐,2,257,2,일반전형
자람대,경제학과,나,인문,국수영탐,2,257,2,일반전형
자람대,미디어학과,다,인문,국수영탐,2,260,2,일반전형
자람대,생명과학과,다,자연,국수영탐,2,257,2,일반전형
자람대,컴퓨터공학과,가,자연,국수영탐,1,257,2,일반전형
자람대,전자공학과,가,자연,국영탐,2,263,2,일반전형
자람대,수학과,가,자연,국수탐,2,260,2,일반전형
자람대,건축학과,가,자연,국수영탐,2,259,2,일반전형
자람대,자유전공학부,다,인자,국수영탐,2,259,2,일반전형
자람대,기계공학과,가,자연,국수영탐,1,253,3,지역인재전형
자람대,체육교육과,나,예체능,국영탐,2,227,4,실기전형
차오름대,경영학과,다,인문,국수영탐,2,262,2,일반전형
차오름대,행정학과,다,인문,국영탐,2,260,2,일반전형
차오름대,영어영문학과,나,인문,국수탐,2,260,2,일반전형
차오름대,심리학과,가,인문,국수영탐,2,254,3,일반전형
차오름대,경제학과,나,인문,국수영탐,1,257,2,일반전형
차오름대,화학과,다,자연,국수영탐,2,259,2,일반전형
차오름대,기계공학과,나,자연,국수영과,1,259,2,일반전형
차오름대,수학과,나,자연,국수영탐,2,262,2,일반전형
차오름대,생명과학과,다,자연,국수영탐,2,260,2,일반전형
차오름대,전자공학과,가,자연,국영탐,2,259,2,일반전형
차오름대,자유전공학부,나,인자,국수영탐,1,260,2,일반전형
차오름대,기계공학과,다,자연,국수영탐,2,254,3,지역인재전형
차오름대,체육교육과,다,예체능,국영탐,2,228,4,실기전형
큰솔대,국어국문학과,나,인문,국수영탐,2,254,3,일반전형
큰솔대,사회학과,나,인문,국수영탐,2,257,2,일반전형
큰솔대,영어영문학과,가,인문,국영탐,2,252,3,일반전형
큰솔대,경영학과,나,인문,국영탐,2,251,3,일반전형
큰솔대,미디어학과,다,인문,국수영탐,2,253,3,일반전형
큰솔대,전자공학과,가,자연,국수영탐,2,254,3,일반전형
큰솔대,기계공학과,다,자연,국수탐,2,256,2,일반전형
큰솔대,간호학과,나,자연,국수영탐,2,252,3,일반전형
큰솔대,컴퓨터공학과,다,자연,국수영탐,1,249,3,일반전형
큰솔대,화학과,다,자연,국수영탐,2,254,3,일반전형
큰솔대,자유전공학부,나,인자,국수영탐,2,255,2,일반전형
큰솔대,수학과,다,자연,국수영탐,2,250,3,지역인재전형
큰솔대,체육교육과,다,예체능,국영탐,2,224,4,실기전형
타래대,영어영문학과,나,인문,국수영탐,2,249,3,일반전형
타래대,경영학과,다,인문,국수영탐,2,249,3,일반전형
타래대,행정학과,나,인문,국영탐,2,252,3,일반전형
타래대,국어국문학과,다,인문,국영탐,2,245,3,일반전형
타래대,미디어학과,가,인문,국수탐,2,248,3,일반전형
타래대,생명과학과,가,자연,국수영과,2,247,3,일반전형
타래대,간호학과,나,자연,국수영탐,2,244,3,일반전형
타래대,건축학과,다,자연,국수탐,2,249,3,일반전형
타래대,기계공학과,다,자연,국수영탐,2,246,3,일반전형
타래대,수학과,다,자연,국수영과,2,251,3,일반전형
타래대,자유전공학부,가,인자,국영탐,2,245,3,일반전형
타래대,전자공학과,가,자연,국수영탐,2,242,3,지역인재전형
타래대,체육교육과,가,예체능,국영탐,2,216,4,실기전형
파랑대,영어영문학과,가,인문,국수영탐,2,240,3,일반전형
파랑대,행정학과,나,인문,국영탐,2,243,3,일반전형
파랑대,경영학과,가,인문,국수탐,2,245,3,일반전형
파랑대,경제학과,가,인문,국수영탐,2,247,3,일반전형
파랑대,심리학과,다,인문,국수영탐,1,245,3,일반전형
파랑대,화학과,가,자연,국수영탐,2,249,3,일반전형
파랑대,건축학과,다,자연,국수영탐,2,241,3,일반전형
파랑대,간호학과,다,자연,국수영과,2,244,3,일반전형
파랑대,수학과,나,자연,국영탐,2,241,3,일반전형
파랑대,컴퓨터공학과,다,자연,국수영탐,2,247,3,일반전형
파랑대,자유전공학부,나,인자,국수탐,2,247,3,일반전형
파랑대,생명과학과,다,자연,국영탐,2,241,3,지역인재전형
파랑대,체육교육과,가,예체능,국영탐,2,215,4,실기전형
하람대,행정학과,다,인문,국수영탐,2,246,3,일반전형
하람대,사회학과,나,인문,국수탐,2,245,3,일반전형
하람대,국어국문학과,다,인문,국수영탐,1,252,3,일반전형
하람대,영어영문학과,다,인문,국수영탐,2,245,3,일반전형
하람대,경영학과,나,인문,국수탐,2,249,3,일반전형
하람대,기계공학과,다,자연,국수탐,2,248,3,일반전형
하람대,간호학과,가,자연,국영탐,2,248,3,일반전형
하람대,생명과학과,나,자연,국수영탐,2,246,3,일반전형
하람대,수학과,가,자연,국수영과,2,246,3,일반전형
하람대,화학과,가,자연,국수영탐,1,246,3,일반전형
하람대,자유전공학부,가,인자,국수영탐,2,246,3,일반전형
하람대,간호학과,가,자연,국수영과,2,242,3,지역인재전형
하람대,체육교육과,나,예체능,국영탐,1,216,4,실기전형
한울대,경영학과,가,인문,국수영탐,2,244,3,일반전형
한울대,영어영문학과,가,인문,국영탐,2,241,3,일반전형
한울대,국어국문학과,다,인문,국수영탐,2,247,3,일반전형
한울대,미디어학과,다,인문,국영탐,2,249,3,일반전형
한울대,사회학과,다,인문,국수탐,2,248,3,일반전형
한울대,화학과,다,자연,국수탐,2,246,3,일반전형
한울대,생명과학과,나,자연,국수탐,2,239,3,일반전형
한울대,컴퓨터공학과,다,자연,국수영과,2,247,3,일반전형
한울대,건축학과,가,자연,국영탐,2,245,3,일반전형
한울대,기계공학과,다,자연,국수탐,1,246,3,일반전형
한울대,자유전공학부,나,인자,국수영탐,2,246,3,일반전형
한울대,건축학과,다,자연,국수영탐,2,242,3,지역인재전형
한울대,체육교육과,나,예체능,국영탐,2,216,4,실기전형
한빛국립대,행정학과,가,인문,국수영탐,2,248,3,일반전형
한빛국립대,미디어학과,나,인문,국수영탐,2,250,3,일반전형
한빛국립대,심리학과,나,인문,국수영탐,2,256,2,일반전형
한빛국립대,사회학과,가,인문,국수영탐,2,247,3,일반전형
한빛국립대,영어영문학과,다,인문,국수영탐,2,254,3,일반전형
한빛국립대,화학과,나,자연,국영탐,2,254,3,일반전형
한빛국립대,기계공학과,나,자연,국수탐,2,254,3,일반전형
한빛국립대,전자공학과,다,자연,국수영탐,2,253,3,일반전형
한빛국립대,생명과학과,가,자연,국수탐,2,250,3,일반전형
한빛국립대,간호학과,가,자연,국수영탐,2,254,3,일반전형
한빛국립대,자유전공학부,다,인자,국수탐,2,253,3,일반전형
한빛국립대,전자공학과,나,자연,국수영탐,2,249,3,지역인재전형
한빛국립대,체육교육과,나,예체능,국영탐,2,223,4,실기전형
누리국립대,미디어학과,나,인문,국수탐,2,239,3,일반전형
누리국립대,경제학과,다,인문,국수영탐,2,244,3,일반전형
누리국립대,심리학과,가,인문,국수영탐,2,241,3,일반전형
누리국립대,행정학과,가,인문,국수영탐,2,240,3,일반전형
누리국립대,사회학과,나,인문,국수영탐,1,243,3,일반전형
누리국립대,전자공학과,가,자연,국수영탐,2,242,3,일반전형
누리국립대,수학과,다,자연,국수탐,2,245,3,일반전형
누리국립대,컴퓨터공학과,가,자연,국수영탐,2,246,3,일반전형
누리국립대,화학과,가,자연,국수영탐,2,245,3,일반전형
누리국립대,간호학과,가,자연,국수영탐,1,244,3,일반전형
누리국립대,자유전공학부,가,인자,국수영탐,2,242,3,일반전형
누리국립대,컴퓨터공학과,나,자연,국수영탐,1,240,3,지역인재전형
누리국립대,체육교육과,나,예체능,국영탐,2,214,4,실기전형
들꽃대,경제학과,가,인문,국수탐,2,231,4,일반전형
들꽃대,미디어학과,다,인문,국수탐,2,237,3,일반전형
들꽃대,국어국문학과,나,인문,국수탐,2,236,4,일반전형
들꽃대,생명과학과,나,자연,국수영탐,2,233,4,일반전형
들꽃대,간호학과,나,자연,국수영과,2,235,4,일반전형
들꽃대,화학과,가,자연,국수영탐,2,237,4,일반전형
여울대,미디어학과,나,인문,국영탐,1,225,4,일반전형
여울대,심리학과,가,인문,국수영탐,2,220,4,일반전형
여울대,행정학과,다,인문,국수영탐,2,223,4,일반전형
여울대,컴퓨터공학과,나,자연,국수영탐,2,225,4,일반전형
여울대,생명과학과,다,자연,국수영탐,2,224,4,일반전형
여울대,건축학과,가,자연,국수영탐,2,227,4,일반전형
벼리대,미디어학과,나,인문,국수영탐,2,237,4,일반전형
벼리대,경영학과,나,인문,국수영탐,2,236,4,일반전형
벼리대,행정학과,가,인문,국수탐,2,237,3,일반전형
벼리대,화학과,가,자연,국수영과,2,235,4,일반전형
벼리대,수학과,다,자연,국수영과,2,239,3,일반전형
벼리대,건축학과,나,자연,국수영탐,2,239,3,일반전형
들꽃대,AI신약학과,다,자연,국수영탐,2,250,3,일반전형
가온대,의예과,다,자연,국수영탐,2,297,1,일반전형
나래대,의예과,다,자연,국수영탐,2,296,1,일반전형
라온대,치의예과,나,자연,국수영탐,2,293,1,일반전형
마루대,한의예과,나,자연,국수영탐,2,290,1,일반전형
마루대,한의예과,다,인문,국수영탐,2,289,1,일반전형
새봄대,약학과,다,자연,국수영탐,2,291,1,일반전형
아라대,수의예과,다,자연,국수영탐,2,288,1,일반전형
한빛국립대,의예과,나,자연,국수영과,2,295,1,일반전형
한빛국립대,약학과,나,인자,국수영탐,2,289,1,일반전형
누리국립대,의예과,나,자연,국수영탐,2,294,1,일반전형
누리국립대,수의예과,다,인문,국수영탐,2,286,1,일반전형
새솔교대,초등교육과,다,인자,국수영탐,2,246,3,일반전형
새솔교대,초등교육과,나,인자,국수영탐,2,247,3,일반전형
새솔교대,초등교육과,다,인자,국수영탐,2,247,3,지역인재전형
푸른교대,초등교육과,다,인자,국수영탐,2,248,3,일반전형
푸른교대,초등교육과,가,인자,국수영탐,2,245,3,일반전형
푸른교대,초등교육과,가,인자,국수영탐,2,246,3,지역인재전형
한마음교원대,초등교육과,나,인자,국수영탐,2,251,3,일반전형
한마음교원대,초등교육과,나,인자,국수영탐,2,253,3,일반전형
한마음교원대,초등교육과,다,인자,국수영탐,2,250,3,지역인재전형
한마음교원대,국어교육과,가,인문,국수영탐,2,262,2,일반전형
