학번,학년,등원일,퇴원일
900001,N수,2026-01-18,
900002,고3,2026-02-25,
900003,고3,2026-02-15,
900004,N수,2026-01-22,
900005,고3,2026-01-08,
900006,N수,2026-01-16,
900007,N수,2026-02-27,
900008,N수,2026-02-07,
900009,고3,2026-02-22,
900010,N수,2026-02-28,
900011,N수,2026-02-13,
900012,N수,2026-02-03,
900013,고3,2026-01-17,
900014,N수,2026-01-27,
900015,N수,2026-01-12,
900016,고3,2026-01-22,
900017,N수,2026-01-18,
900018,N수,2026-02-06,
900019,고3,2026-02-12,
900020,고3,2026-01-13,
900021,N수,2026-01-23,
900022,고3,2026-02-03,
900023,N수,2026-02-11,
900024,고3,2026-01-12,
900025,고3,2026-01-20,
900026,N수,2026-02-13,
900027,N수,2026-01-23,
900028,N수,2026-02-04,
900029,N수,2026-01-17,
900030,고3,2026-02-15,
900031,고3,2026-02-06,
900032,N수,2026-02-16,
900033,고3,2026-02-11,
900034,N수,2026-02-19,
900035,N수,2026-01-18,
900036,N수,2026-01-17,
900037,N수,2026-01-09,
900038,N수,2026-02-19,
900039,고3,2026-01-14,
900040,N수,2026-01-21,
900041,고3,2026-02-21,
900042,N수,2026-02-14,
900043,N수,2026-02-10,
900044,N수,2026-02-28,
900045,N수,2026-02-15,
900046,고3,2026-02-03,
900047,N수,2026-01-22,
900048,N수,2026-02-04,
900049,N수,2026-02-04,
900050,N수,2026-01-20,
900051,N수,2026-02-08,
900052,N수,2026-01-11,
900053,N수,2026-02-06,
900054,N수,2026-01-24,
900055,고3,2026-01-29,
900056,N수,2026-02-11,
900057,N수,2026-01-13,
900058,N수,2026-02-23,
900059,N수,2026-01-07,
900060,N수,2026-01-08,
900061,고3,2026-02-08,
900062,N수,2026-01-24,
900063,고3,2026-02-02,
900064,N수,2026-02-13,
900065,N수,2026-01-20,
900066,N수,2026-01-11,
900067,N수,2026-01-20,
900068,고3,2026-01-17,
900069,고3,2026-03-02,
900070,고3,2026-01-13,
900071,고3,2026-02-26,
900072,N수,2026-02-16,
900073,N수,2026-01-15,
900074,고3,2026-01-29,
900075,N수,2026-01-21,
900076,N수,2026-01-05,
900077,고3,2026-02-13,
900078,N수,2026-02-16,
900079,고3,2026-02-27,
900080,고3,2026-01-06,
900081,고3,2026-02-17,
900082,N수,2026-01-05,
900083,N수,2026-02-22,
900084,N수,2026-01-15,
900085,N수,2026-01-22,
900086,N수,2026-03-01,
900087,고3,2026-01-07,
900088,고3,2026-01-10,
900089,N수,2026-01-12,
900090,N수,2026-01-30,
900091,고3,2026-02-22,
900092,N수,2026-02-05,
900093,N수,2026-01-21,
900094,N수,2026-01-23,
900095,N수,2026-02-25,
900096,N수,2026-01-15,
900097,고3,2026-01-07,
900098,N수,2026-02-10,
900099,N수,2026-02-22,
900100,N수,2026-02-23,
900101,고3,2026-01-25,
900102,N수,2026-01-18,
900103,고3,2026-02-16,
900104,N수,2026-02-01,
900105,N수,2026-01-07,
900106,고3,2026-02-14,
900107,고3,2026-02-18,
900108,N수,2026-01-13,
900109,N수,2026-01-09,
900110,N수,2026-01-08,
900111,N수,2026-02-28,
900112,고3,2026-02-02,
900113,N수,2026-01-20,
900114,고3,2026-02-21,
900115,고3,2026-02-09,
900116,고3,2026-01-17,
900117,N수,2026-02-25,
900118,고3,2026-01-31,
900119,N수,2026-02-10,
900120,N수,2026-01-13,
900121,N수,2026-02-16,
900122,고3,2026-01-15,
900123,N수,2026-02-26,
900124,N수,2026-01-28,
900125,N수,2026-01-09,
900126,N수,2026-01-07,
900127,고3,2026-02-20,
900128,N수,2026-02-08,
900129,N수,2026-02-09,
900130,N수,2026-01-14,
900131,N수,2026-01-08,
900132,고3,2026-01-12,
900133,N수,2026-01-13,
900134,고3,2026-02-12,
900135,N수,2026-03-01,
900136,N수,2026-01-25,
900137,N수,2026-02-04,
900138,고3,2026-02-14,
900139,고3,2026-01-25,
900140,고3,2026-01-29,
900141,N수,2026-07-03,
900142,N수,2026-06-21,
900143,N수,2026-06-19,
900144,N수,2026-06-30,
900145,고3,2026-06-28,
900146,N수,2026-06-29,
900147,N수,2026-07-07,
900148,N수,2026-06-15,
900149,N수,2026-06-21,
900150,고3,2026-06-29,
900151,N수,2026-07-17,
900152,N수,2026-07-18,
900153,N수,2026-06-30,
900154,N수,2026-06-19,
900155,N수,2026-07-09,
900156,N수,2026-06-27,
900157,N수,2026-06-17,
900158,고3,2026-07-19,
900159,N수,2026-07-08,
900160,N수,2026-07-04,
900161,N수,2026-06-28,
900162,N수,2026-06-17,
900163,N수,2026-07-03,
900164,N수,2026-06-23,
900165,고3,2026-07-17,
900166,N수,2026-06-30,
900167,N수,2026-07-20,
900168,N수,2026-06-29,
900169,N수,2026-06-22,
900170,N수,2026-07-05,
900171,N수,2026-07-08,
900172,N수,2026-07-11,
900173,N수,2026-08-25,
900174,고3,2026-08-18,
900175,N수,2026-08-18,
900176,고3,2026-08-30,
900177,고3,2026-09-01,
900178,N수,2026-08-23,
900179,N수,2026-08-24,
900180,N수,2026-08-27,
900181,N수,2026-08-23,
900182,N수,2026-08-23,
900183,고3,2026-08-23,
900184,고3,2026-08-18,
900185,N수,2026-08-19,
900186,고3,2026-08-17,
900187,고3,2026-02-23,2026-06-26
900188,N수,2026-02-16,2026-06-23
900189,N수,2026-01-31,2026-06-10
900190,N수,2026-02-10,2026-07-04
900191,N수,2026-02-04,2026-07-06
900192,N수,2026-01-08,2026-06-15
900193,N수,2026-02-15,2026-06-10
900194,N수,2026-02-03,2026-07-10
900195,N수,2026-01-09,2026-07-07
900196,고3,2026-01-20,2026-06-12
900197,고3,2026-02-08,2026-06-27
900198,N수,2026-01-27,2026-06-14
900199,N수,2026-02-03,2026-09-26
900200,N수,2026-02-09,2026-09-19
900201,N수,2026-01-28,2026-09-12
900202,N수,2026-02-02,2026-09-13
900203,N수,2026-01-08,2026-09-12
900204,N수,2026-02-09,2026-09-18
