시험명,학번,국어,국표,국백,국등,수학,수표,수백,수등,영어,영등,탐1,탐1표,탐1백,탐1등,탐2,탐2표,탐2백,탐2등
3,900001,화법과작문,85,30,6,미적분,114,77,3,영어,6,생명과학1,41,10,8,지구과학2,45,29,6
4,900001,화법과작문,86,25,6,미적분,92,31,6,영어,5,생명과학1,46,33,6,지구과학2,56,73,4
7,900001,화법과작문,95,43,5,미적분,102,41,5,영어,5,생명과학1,44,39,6,지구과학2,50,56,5
8,900001,화법과작문,107,64,4,미적분,96,51,5,영어,4,생명과학1,45,28,6,지구과학2,53,65,4
4,900002,언어와매체,101,53,5,미적분,89,26,6,영어,3,한국지리,39,14,7,동아시아사,58,78,3
5,900002,언어와매체,100,48,5,미적분,93,35,6,영어,4,한국지리,53,55,5,동아시아사,61,82,3
6평,900002,언어와매체,94,38,6,미적분,,,,영어,4,한국지리,44,25,6,동아시아사,50,51,5
7,900002,언어와매체,,,,미적분,109,55,5,영어,3,한국지리,56,73,4,동아시아사,58,80,3
8,900002,언어와매체,104,58,5,미적분,93,45,5,영어,3,한국지리,,,,동아시아사,65,92,2
3,900003,언어와매체,98,57,5,미적분,109,68,4,영어,3,생명과학2,56,70,4,지구과학2,50,48,5
4,900003,언어와매체,103,57,5,미적분,102,53,5,영어,3,생명과학2,51,60,4,지구과학2,58,78,3
5,900003,언어와매체,108,63,4,미적분,,,,영어,3,생명과학2,56,68,4,지구과학2,54,53,5
6평,900003,언어와매체,101,53,5,미적분,,,,영어,4,생명과학2,53,66,4,지구과학2,57,69,4
7,900003,언어와매체,110,70,4,미적분,115,67,4,영어,3,생명과학2,49,46,5,물리학1,54,74,4
8,900003,언어와매체,128,93,2,미적분,123,92,2,영어,3,생명과학2,57,81,3,물리학1,56,75,4
3,900004,언어와매체,122,93,2,확률과통계,142,99,1,영어,2,세계지리,60,80,3,생활과윤리,56,72,4
4,900004,언어와매체,136,96,1,확률과통계,134,97,1,영어,2,세계지리,,,,생활과윤리,59,93,2
5,900004,언어와매체,139,97,1,확률과통계,141,97,1,영어,2,세계지리,64,88,3,생활과윤리,64,94,2
6평,900004,언어와매체,119,85,3,확률과통계,150,100,1,영어,3,세계지리,63,91,2,생활과윤리,68,96,1
7,900004,언어와매체,129,92,2,확률과통계,150,99,1,영어,1,세계지리,67,97,1,생활과윤리,73,98,1
8,900004,언어와매체,133,96,1,확률과통계,147,100,1,영어,2,세계지리,69,98,1,생활과윤리,65,91,2
3,900005,화법과작문,108,76,4,미적분,110,70,4,영어,2,동아시아사,57,77,3,한국지리,57,69,4
4,900005,화법과작문,111,72,4,미적분,122,88,3,영어,2,동아시아사,57,75,4,한국지리,60,83,3
6평,900005,화법과작문,112,75,4,미적분,119,87,3,영어,3,동아시아사,61,87,3,한국지리,54,65,4
7,900005,화법과작문,137,96,1,미적분,137,94,2,영어,1,동아시아사,65,93,2,한국지리,63,91,2
8,900005,화법과작문,126,91,2,미적분,133,97,1,영어,2,동아시아사,57,75,4,한국지리,62,86,3
3,900006,화법과작문,99,59,5,미적분,112,74,4,영어,6,정치와법,60,77,3,사회문화,53,50,5
4,900006,화법과작문,98,47,5,미적분,103,55,5,영어,5,정치와법,53,56,5,사회문화,48,45,5
5,900006,화법과작문,105,58,5,미적분,100,48,5,영어,5,정치와법,48,54,5,사회문화,57,64,4
8,900006,화법과작문,103,55,5,미적분,105,69,4,영어,4,정치와법,,,,사회문화,56,69,4
3,900007,화법과작문,111,80,3,확률과통계,108,66,4,영어,3,생활과윤리,58,79,3,윤리와사상,50,54,5
4,900007,화법과작문,125,90,2,확률과통계,120,86,3,영어,3,생활과윤리,43,46,5,윤리와사상,64,87,3
5,900007,화법과작문,116,77,3,확률과통계,102,52,5,영어,3,생활과윤리,64,94,2,윤리와사상,55,71,4
6평,900007,화법과작문,122,89,2,확률과통계,115,82,3,영어,4,생활과윤리,57,73,4,윤리와사상,60,81,3
7,900007,화법과작문,135,95,2,확률과통계,136,94,2,영어,2,생활과윤리,61,84,3,윤리와사상,67,93,2
8,900007,화법과작문,,,,확률과통계,118,87,3,영어,3,생활과윤리,61,82,3,윤리와사상,60,92,2
4,900008,언어와매체,145,99,1,미적분,119,84,3,영어,1,지구과학1,72,97,1,지구과학2,60,83,3
5,900008,언어와매체,146,99,1,미적분,123,86,3,영어,1,지구과학1,67,95,2,지구과학2,66,89,2
6평,900008,언어와매체,125,92,2,미적분,119,87,3,영어,1,지구과학1,68,96,1,지구과학2,72,98,1
7,900008,언어와매체,135,95,2,미적분,136,94,2,영어,1,지구과학1,70,90,2,지구과학2,72,99,1
8,900008,언어와매체,133,96,1,미적분,132,97,1,영어,1,지구과학1,66,95,2,지구과학2,67,96,1
3,900009,화법과작문,106,72,4,확률과통계,132,96,1,영어,5,한국지리,51,47,5,세계지리,51,45,5
4,900009,화법과작문,103,57,5,확률과통계,122,88,3,영어,5,한국지리,50,50,5,세계지리,42,24,6
5,900009,화법과작문,118,80,3,확률과통계,107,61,4,영어,4,한국지리,46,29,6,세계지리,52,47,5
6평,900009,화법과작문,98,46,5,확률과통계,110,74,4,영어,4,한국지리,43,21,7,세계지리,48,42,5
7,900009,화법과작문,108,67,4,확률과통계,128,87,3,영어,4,한국지리,58,79,3,세계지리,49,48,5
8,900009,화법과작문,117,81,3,확률과통계,126,94,2,영어,3,한국지리,53,56,5,세계지리,56,73,4
3,900010,언어와매체,137,99,1,미적분,118,83,3,영어,1,세계지리,64,90,2,한국지리,68,94,2
4,900010,언어와매체,143,98,1,미적분,112,73,4,영어,1,세계지리,63,93,2,한국지리,70,97,1
5,900010,언어와매체,147,99,1,미적분,129,91,2,영어,1,세계지리,64,88,3,한국지리,65,91,2
6평,900010,언어와매체,136,98,1,미적분,124,91,2,영어,1,세계지리,66,95,2,한국지리,63,92,2
7,900010,언어와매체,134,95,2,미적분,141,96,1,영어,1,세계지리,69,98,1,한국지리,60,85,3
8,900010,언어와매체,150,100,1,미적분,129,96,1,영어,1,세계지리,68,97,1,한국지리,72,98,1
3,900011,화법과작문,100,61,4,확률과통계,105,60,4,영어,2,세계지리,57,70,4,동아시아사,53,63,4
4,900011,화법과작문,118,82,3,확률과통계,98,44,5,영어,2,세계지리,52,62,4,동아시아사,58,78,3
5,900011,화법과작문,101,50,5,확률과통계,110,67,4,영어,2,세계지리,64,88,3,동아시아사,55,63,4
6평,900011,화법과작문,123,90,2,확률과통계,104,63,4,영어,3,세계지리,55,70,4,동아시아사,62,89,2
7,900011,화법과작문,112,73,4,확률과통계,126,84,3,영어,2,세계지리,57,78,3,동아시아사,61,87,3
8,900011,화법과작문,135,97,1,확률과통계,108,74,4,영어,2,세계지리,58,79,3,동아시아사,60,83,3
3,900012,화법과작문,83,26,6,미적분,96,40,5,영어,5,물리학1,51,50,5,생활과윤리,51,52,5
4,900012,화법과작문,99,49,5,미적분,104,57,5,영어,5,물리학1,53,69,4,생활과윤리,43,46,5
5,900012,화법과작문,105,58,5,미적분,97,42,5,영어,4,물리학1,52,63,4,생활과윤리,52,60,4
6평,900012,화법과작문,101,53,5,미적분,100,55,5,영어,4,물리학1,55,68,4,생활과윤리,52,53,5
7,900012,화법과작문,105,62,4,미적분,126,84,3,영어,4,물리학1,49,54,5,생활과윤리,56,70,4
8,900012,화법과작문,107,64,4,미적분,103,65,4,영어,3,물리학1,65,94,2,생활과윤리,58,73,4
3,900013,언어와매체,109,77,3,미적분,133,96,1,영어,1,생명과학1,68,94,2,물리학1,65,92,2
4,900013,언어와매체,125,90,2,미적분,127,93,2,영어,1,생명과학1,69,96,1,물리학1,62,91,2
5,900013,언어와매체,117,78,3,미적분,136,96,1,영어,1,생명과학1,72,99,1,물리학1,65,94,2
8,900013,언어와매체,130,94,2,미적분,143,99,1,영어,1,생명과학1,72,99,1,물리학1,,,
3,900014,화법과작문,80,21,7,확률과통계,77,10,8,영어,5,세계지리,44,19,7,동아시아사,36,7,8
4,900014,화법과작문,85,24,6,확률과통계,91,29,6,영어,5,세계지리,47,42,5,동아시아사,37,7,8
5,900014,화법과작문,86,23,6,확률과통계,70,6,8,영어,6,세계지리,50,39,6,동아시아사,38,9,8
6평,900014,화법과작문,91,32,6,확률과통계,72,9,8,영어,5,세계지리,40,15,7,동아시아사,36,8,8
7,900014,화법과작문,107,65,4,확률과통계,103,43,5,영어,4,세계지리,46,35,6,동아시아사,36,12,7
3,900015,화법과작문,106,72,4,미적분,124,90,2,영어,4,한국지리,,,,윤리와사상,66,96,1
4,900015,화법과작문,103,57,5,미적분,120,86,3,영어,3,한국지리,66,94,2,윤리와사상,63,85,3
5,900015,화법과작문,106,59,5,미적분,121,83,3,영어,3,한국지리,60,80,3,윤리와사상,58,81,3
6평,900015,화법과작문,99,49,5,미적분,109,72,4,영어,3,한국지리,,,,윤리와사상,62,86,3
7,900015,화법과작문,,,,미적분,141,96,1,영어,3,한국지리,63,91,2,윤리와사상,67,93,2
8,900015,화법과작문,110,69,4,미적분,136,98,1,영어,2,한국지리,64,90,2,윤리와사상,55,81,3
3,900016,화법과작문,108,76,4,확률과통계,130,95,2,영어,2,생활과윤리,63,91,2,세계지리,60,80,3
4,900016,화법과작문,125,90,2,확률과통계,137,98,1,영어,3,생활과윤리,64,98,1,세계지리,53,66,4
5,900016,화법과작문,130,92,2,확률과통계,136,96,1,영어,2,생활과윤리,,,,세계지리,57,68,4
6평,900016,화법과작문,138,98,1,확률과통계,120,88,3,영어,2,생활과윤리,62,87,3,세계지리,,,
8,900016,화법과작문,143,99,1,확률과통계,138,98,1,영어,2,생활과윤리,73,99,1,세계지리,56,73,4
3,900017,화법과작문,94,48,5,확률과통계,110,70,4,영어,3,윤리와사상,49,49,5,생활과윤리,62,89,2
4,900017,화법과작문,102,55,5,확률과통계,100,48,5,영어,3,윤리와사상,46,20,7,생활과윤리,49,69,4
5,900017,화법과작문,107,61,4,확률과통계,122,85,3,영어,2,윤리와사상,46,33,6,생활과윤리,57,78,3
6평,900017,화법과작문,108,68,4,확률과통계,113,79,3,영어,3,윤리와사상,46,29,6,생활과윤리,57,73,4
7,900017,화법과작문,129,92,2,확률과통계,123,80,3,영어,2,윤리와사상,57,64,4,생활과윤리,64,90,2
8,900017,화법과작문,,,,확률과통계,115,84,3,영어,2,윤리와사상,46,49,5,생활과윤리,63,87,3
4,900018,언어와매체,110,70,4,미적분,93,33,6,영어,2,물리학1,53,69,4,화학1,49,46,5
7,900018,언어와매체,129,92,2,미적분,117,71,4,영어,1,물리학1,56,81,3,화학1,61,93,2
8,900018,언어와매체,106,62,4,미적분,93,45,5,영어,1,물리학1,51,59,5,화학1,60,86,3
3,900019,화법과작문,117,88,3,확률과통계,127,93,2,영어,3,정치와법,66,90,2,한국지리,59,76,4
4,900019,화법과작문,123,88,3,확률과통계,118,83,3,영어,3,정치와법,64,89,2,한국지리,59,81,3
7,900019,화법과작문,128,91,2,확률과통계,137,94,2,영어,2,정치와법,69,97,1,한국지리,59,82,3
8,900019,화법과작문,139,98,1,확률과통계,131,96,1,영어,2,정치와법,62,95,2,한국지리,62,86,3
4,900020,화법과작문,85,24,6,기하,89,26,6,영어,4,화학1,49,46,5,물리학1,38,17,7
6평,900020,화법과작문,83,18,7,기하,74,11,7,영어,3,화학1,51,49,5,물리학1,47,39,6
7,900020,화법과작문,104,60,4,기하,114,65,4,영어,3,화학1,49,62,4,물리학1,42,26,6
8,900020,화법과작문,96,41,5,기하,,,,영어,3,화학1,49,50,5,물리학1,,,
3,900021,언어와매체,114,85,3,확률과통계,103,55,5,영어,3,생활과윤리,51,52,5,세계지리,62,86,3
6평,900021,언어와매체,113,77,3,확률과통계,110,74,4,영어,2,생활과윤리,43,20,7,세계지리,56,73,4
8,900021,언어와매체,129,93,2,확률과통계,100,59,5,영어,2,생활과윤리,61,82,3,세계지리,62,89,2
3,900022,화법과작문,130,97,1,확률과통계,127,93,2,영어,2,윤리와사상,57,80,3,세계지리,56,66,4
4,900022,화법과작문,144,99,1,확률과통계,128,93,2,영어,2,윤리와사상,68,94,2,세계지리,55,73,4
5,900022,화법과작문,129,91,2,확률과통계,119,81,3,영어,2,윤리와사상,60,87,3,세계지리,60,78,3
7,900022,화법과작문,147,99,1,확률과통계,138,95,2,영어,2,윤리와사상,75,99,1,세계지리,60,87,3
3,900023,언어와매체,121,92,2,확률과통계,100,49,5,영어,2,정치와법,61,80,3,세계지리,60,80,3
4,900023,언어와매체,100,51,5,확률과통계,92,31,6,영어,2,정치와법,54,60,4,세계지리,54,70,4
7,900023,언어와매체,134,95,2,확률과통계,118,72,4,영어,2,정치와법,55,64,4,세계지리,60,87,3
8,900023,언어와매체,134,96,1,확률과통계,88,35,6,영어,2,정치와법,57,87,3,세계지리,62,89,2
3,900024,화법과작문,,,,미적분,106,62,4,영어,2,생명과학2,59,79,3,물리학1,65,92,2
4,900024,화법과작문,127,91,2,미적분,118,83,3,영어,2,생명과학2,52,64,4,물리학1,60,88,3
5,900024,화법과작문,133,94,2,미적분,111,69,4,영어,2,생명과학2,63,88,3,물리학1,60,86,3
6평,900024,화법과작문,132,96,1,미적분,107,69,4,영어,1,생명과학2,63,92,2,물리학1,54,65,4
7,900024,화법과작문,141,98,1,미적분,128,87,3,영어,1,생명과학2,64,93,2,물리학1,60,90,2
8,900024,화법과작문,150,100,1,미적분,111,79,3,영어,1,생명과학2,57,81,3,물리학1,64,93,2
3,900025,화법과작문,123,93,2,기하,111,72,4,영어,3,윤리와사상,54,69,4,사회문화,67,90,2
4,900025,화법과작문,125,90,2,기하,94,35,6,영어,2,윤리와사상,61,79,3,사회문화,55,73,4
5,900025,화법과작문,127,90,2,기하,103,54,5,영어,3,윤리와사상,62,91,2,사회문화,58,67,4
6평,900025,화법과작문,132,96,1,기하,115,82,3,영어,3,윤리와사상,64,90,2,사회문화,51,57,5
7,900025,화법과작문,150,99,1,기하,114,65,4,영어,2,윤리와사상,67,93,2,사회문화,66,95,2
8,900025,화법과작문,150,100,1,기하,127,94,2,영어,2,윤리와사상,59,90,2,사회문화,60,81,3
3,900026,화법과작문,98,57,5,미적분,114,77,3,영어,4,지구과학2,52,56,5,생명과학1,69,95,2
5,900026,화법과작문,94,36,6,미적분,115,75,4,영어,4,지구과학2,60,74,4,생명과학1,58,82,3
6평,900026,화법과작문,92,34,6,미적분,,,,영어,4,지구과학2,57,69,4,생명과학1,61,89,2
7,900026,화법과작문,,,,미적분,131,90,2,영어,2,지구과학2,58,81,3,생명과학1,55,79,3
8,900026,화법과작문,111,71,4,미적분,120,89,2,영어,3,지구과학2,57,78,3,생명과학1,63,90,2
3,900027,화법과작문,111,80,3,확률과통계,108,66,4,영어,3,동아시아사,59,83,3,정치와법,59,74,4
4,900027,화법과작문,107,65,4,확률과통계,106,61,4,영어,4,동아시아사,68,97,1,정치와법,62,85,3
5,900027,화법과작문,109,65,4,확률과통계,114,74,4,영어,3,동아시아사,52,51,5,정치와법,53,73,4
6평,900027,화법과작문,100,51,5,확률과통계,106,67,4,영어,3,동아시아사,55,70,4,정치와법,56,79,3
7,900027,화법과작문,122,86,3,확률과통계,129,88,3,영어,2,동아시아사,64,92,2,정치와법,61,84,3
8,900027,화법과작문,111,71,4,확률과통계,104,67,4,영어,2,동아시아사,73,98,1,정치와법,57,87,3
3,900028,언어와매체,121,92,2,미적분,114,77,3,영어,2,한국지리,63,86,3,사회문화,54,53,5
4,900028,언어와매체,133,95,2,미적분,108,66,4,영어,2,한국지리,56,72,4,사회문화,53,66,4
5,900028,언어와매체,144,98,1,미적분,,,,영어,2,한국지리,66,92,2,사회문화,53,48,5
6평,900028,언어와매체,135,97,1,미적분,112,77,3,영어,2,한국지리,61,88,3,사회문화,51,57,5
7,900028,언어와매체,150,99,1,미적분,124,82,3,영어,1,한국지리,62,89,2,사회문화,50,49,5
8,900028,언어와매체,131,95,2,미적분,130,96,1,영어,2,한국지리,67,95,2,사회문화,67,94,2
3,900029,언어와매체,127,96,1,확률과통계,134,97,1,영어,2,윤리와사상,61,89,2,한국지리,57,69,4
4,900029,언어와매체,125,90,2,확률과통계,127,93,2,영어,2,윤리와사상,68,94,2,한국지리,61,86,3
5,900029,언어와매체,133,94,2,확률과통계,136,96,1,영어,2,윤리와사상,68,98,1,한국지리,59,77,3
7,900029,언어와매체,146,99,1,확률과통계,140,96,1,영어,1,윤리와사상,72,98,1,생활과윤리,64,90,2
8,900029,언어와매체,132,95,2,확률과통계,147,100,1,영어,1,윤리와사상,64,96,1,생활과윤리,61,82,3
4,900030,언어와매체,94,40,5,확률과통계,111,71,4,영어,4,동아시아사,52,55,5,정치와법,49,41,5
6평,900030,언어와매체,105,61,4,확률과통계,107,69,4,영어,4,동아시아사,42,21,7,정치와법,48,48,5
7,900030,언어와매체,119,83,3,확률과통계,128,87,3,영어,2,동아시아사,57,78,3,생활과윤리,66,93,2
8,900030,언어와매체,108,66,4,확률과통계,123,92,2,영어,3,동아시아사,52,58,5,생활과윤리,53,52,5
3,900031,화법과작문,100,61,4,확률과통계,105,60,4,영어,3,생활과윤리,50,48,5,사회문화,58,68,4
6평,900031,화법과작문,107,66,4,확률과통계,101,57,5,영어,4,생활과윤리,54,61,4,사회문화,64,93,2
8,900031,화법과작문,126,91,2,확률과통계,104,67,4,영어,3,생활과윤리,64,90,2,사회문화,71,97,1
3,900032,언어와매체,116,87,3,미적분,110,70,4,영어,3,물리학1,57,72,4,화학1,39,14,7
5,900032,언어와매체,137,96,1,미적분,129,91,2,영어,2,물리학1,60,86,3,화학1,44,43,5
6평,900032,언어와매체,125,92,2,미적분,117,84,3,영어,2,물리학1,63,89,2,화학1,53,57,5
7,900032,언어와매체,150,99,1,미적분,142,97,1,영어,2,물리학1,55,78,3,화학1,46,50,5
8,900032,언어와매체,132,95,2,미적분,129,96,1,영어,2,물리학1,54,69,4,화학1,52,62,4
3,900033,언어와매체,139,99,1,확률과통계,122,88,3,영어,1,윤리와사상,63,93,2,동아시아사,64,93,2
4,900033,언어와매체,147,99,1,확률과통계,125,91,2,영어,1,윤리와사상,68,94,2,동아시아사,71,98,1
5,900033,언어와매체,150,99,1,확률과통계,128,91,2,영어,1,윤리와사상,75,100,1,동아시아사,63,86,3
6평,900033,언어와매체,144,99,1,확률과통계,123,91,2,영어,1,윤리와사상,69,96,1,동아시아사,59,82,3
7,900033,언어와매체,150,99,1,확률과통계,149,99,1,영어,1,윤리와사상,76,99,1,동아시아사,72,98,1
8,900033,언어와매체,150,100,1,확률과통계,122,91,2,영어,1,윤리와사상,66,98,1,동아시아사,72,98,1
3,900034,언어와매체,96,52,5,미적분,90,28,6,영어,4,화학1,48,40,5,물리학1,62,86,3
4,900034,언어와매체,93,38,6,미적분,101,51,5,영어,4,화학1,51,53,5,물리학1,55,75,4
6평,900034,언어와매체,84,20,7,미적분,87,29,6,영어,4,화학1,54,61,4,물리학1,59,80,3
7,900034,언어와매체,94,42,5,미적분,109,55,5,영어,4,화학1,50,65,4,물리학1,55,78,3
8,900034,언어와매체,108,66,4,미적분,92,43,5,영어,3,화학1,57,79,3,물리학1,57,78,3
3,900035,화법과작문,125,95,2,미적분,127,93,2,영어,2,지구과학1,55,75,4,물리학1,75,99,1
4,900035,화법과작문,133,95,2,미적분,127,93,2,영어,2,지구과학1,59,69,4,물리학1,63,93,2
5,900035,화법과작문,145,98,1,미적분,124,87,3,영어,2,지구과학1,61,85,3,물리학1,66,95,2
6평,900035,화법과작문,130,95,2,미적분,122,90,2,영어,2,지구과학1,57,77,3,물리학1,70,97,1
7,900035,화법과작문,150,99,1,미적분,139,95,2,영어,1,지구과학1,70,90,2,물리학1,65,97,1
3,900036,화법과작문,108,76,4,미적분,109,68,4,영어,4,지구과학1,68,97,1,물리학1,64,90,2
4,900036,화법과작문,104,59,5,미적분,105,59,5,영어,3,지구과학1,73,97,1,물리학1,55,75,4
5,900036,화법과작문,129,91,2,미적분,112,70,4,영어,3,지구과학1,60,83,3,물리학1,61,88,3
6평,900036,화법과작문,103,57,5,미적분,116,83,3,영어,3,지구과학1,62,88,3,물리학1,56,72,4
7,900036,화법과작문,118,82,3,미적분,124,82,3,영어,3,지구과학1,80,99,1,물리학1,65,97,1
8,900036,화법과작문,111,71,4,미적분,110,77,3,영어,2,지구과학1,69,97,1,물리학1,62,90,2
3,900037,화법과작문,127,96,1,확률과통계,127,93,2,영어,2,세계지리,58,74,4,동아시아사,65,94,2
4,900037,화법과작문,127,91,2,확률과통계,105,59,5,영어,2,세계지리,59,85,3,동아시아사,63,90,2
5,900037,화법과작문,132,93,2,확률과통계,135,95,2,영어,2,세계지리,67,94,2,동아시아사,62,84,3
6평,900037,화법과작문,118,84,3,확률과통계,111,76,4,영어,2,세계지리,68,97,1,동아시아사,62,89,2
8,900037,화법과작문,140,98,1,확률과통계,125,93,2,영어,2,세계지리,74,99,1,동아시아사,67,94,2
4,900038,언어와매체,109,68,4,확률과통계,94,35,6,영어,4,사회문화,,,,정치와법,44,23,6
5,900038,언어와매체,122,85,3,확률과통계,86,23,6,영어,5,사회문화,56,60,4,정치와법,50,62,4
7,900038,언어와매체,132,94,2,확률과통계,110,57,5,영어,4,사회문화,58,79,3,정치와법,57,72,4
8,900038,언어와매체,136,97,1,확률과통계,96,51,5,영어,3,사회문화,57,72,4,정치와법,45,48,5
3,900039,언어와매체,122,93,2,확률과통계,112,74,4,영어,2,사회문화,75,98,1,동아시아사,62,90,2
4,900039,언어와매체,144,99,1,확률과통계,123,89,2,영어,2,사회문화,70,99,1,동아시아사,56,71,4
5,900039,언어와매체,125,88,3,확률과통계,122,85,3,영어,1,사회문화,69,94,2,동아시아사,72,98,1
6평,900039,언어와매체,130,95,2,확률과통계,127,94,2,영어,2,사회문화,65,94,2,동아시아사,62,89,2
7,900039,언어와매체,118,82,3,확률과통계,136,94,2,영어,1,사회문화,72,99,1,동아시아사,77,100,1
8,900039,언어와매체,142,99,1,확률과통계,135,98,1,영어,1,사회문화,78,99,1,동아시아사,69,96,1
3,900040,화법과작문,115,86,3,미적분,114,77,3,영어,2,생명과학1,66,91,2,생명과학2,64,90,2
4,900040,화법과작문,128,92,2,미적분,,,,영어,1,생명과학1,65,91,2,생명과학2,59,87,3
5,900040,화법과작문,115,75,4,미적분,116,77,3,영어,2,생명과학1,67,96,1,생명과학2,71,98,1
6평,900040,화법과작문,119,85,3,미적분,106,67,4,영어,2,생명과학1,58,82,3,생명과학2,61,89,2
7,900040,화법과작문,140,97,1,미적분,144,97,1,영어,1,생명과학1,58,86,3,물리학1,69,99,1
8,900040,화법과작문,136,97,1,미적분,128,95,2,영어,1,생명과학1,65,93,2,물리학1,62,90,2
3,900041,언어와매체,112,82,3,미적분,126,92,2,영어,2,생명과학2,56,70,4,화학1,63,88,3
4,900041,언어와매체,,,,미적분,123,89,2,영어,2,생명과학2,,,,화학1,64,91,2
5,900041,언어와매체,113,72,4,미적분,104,56,5,영어,1,생명과학2,52,51,5,화학1,61,93,2
6평,900041,언어와매체,107,66,4,미적분,116,83,3,영어,2,생명과학2,,,,화학1,71,98,1
7,900041,언어와매체,113,75,4,미적분,127,86,3,영어,1,생명과학2,58,81,3,화학1,57,86,3
8,900041,언어와매체,117,81,3,미적분,123,92,2,영어,1,생명과학2,52,63,4,화학1,69,98,1
5,900042,화법과작문,131,93,2,확률과통계,123,86,3,영어,1,생활과윤리,68,97,1,정치와법,56,81,3
6평,900042,화법과작문,137,98,1,확률과통계,125,92,2,영어,1,생활과윤리,58,76,4,정치와법,60,89,2
7,900042,화법과작문,132,94,2,확률과통계,129,88,3,영어,1,생활과윤리,74,99,1,정치와법,64,90,2
8,900042,화법과작문,126,91,2,확률과통계,119,88,3,영어,2,생활과윤리,68,96,1,정치와법,51,71,4
3,900043,화법과작문,106,72,4,미적분,107,64,4,영어,1,지구과학2,63,89,2,화학1,58,75,4
4,900043,화법과작문,135,96,1,미적분,101,51,5,영어,2,지구과학2,61,86,3,화학1,57,75,4
5,900043,화법과작문,143,98,1,미적분,112,70,4,영어,1,지구과학2,59,71,4,화학1,54,79,3
6평,900043,화법과작문,117,83,3,미적분,105,65,4,영어,2,지구과학2,60,80,3,화학1,54,61,4
7,900043,화법과작문,128,91,2,미적분,129,88,3,영어,1,지구과학2,71,98,1,화학1,59,90,2
3,900044,화법과작문,114,85,3,확률과통계,107,64,4,영어,3,사회문화,77,99,1,생활과윤리,61,87,3
4,900044,화법과작문,125,90,2,확률과통계,117,81,3,영어,3,사회문화,,,,생활과윤리,62,97,1
5,900044,화법과작문,128,91,2,확률과통계,127,90,2,영어,3,사회문화,67,91,2,생활과윤리,68,97,1
6평,900044,화법과작문,129,95,2,확률과통계,109,72,4,영어,3,사회문화,61,88,3,생활과윤리,70,97,1
7,900044,화법과작문,133,95,2,확률과통계,121,77,3,영어,2,사회문화,69,98,1,생활과윤리,61,84,3
8,900044,화법과작문,147,99,1,확률과통계,116,85,3,영어,2,사회문화,65,91,2,생활과윤리,65,91,2
4,900045,화법과작문,94,40,5,확률과통계,96,40,5,영어,4,한국지리,56,72,4,윤리와사상,55,56,5
5,900045,화법과작문,95,38,6,확률과통계,86,23,6,영어,4,한국지리,53,55,5,윤리와사상,46,33,6
6평,900045,화법과작문,100,51,5,확률과통계,81,20,7,영어,4,한국지리,61,88,3,윤리와사상,57,71,4
8,900045,화법과작문,118,82,3,확률과통계,96,51,5,영어,3,한국지리,58,75,4,윤리와사상,51,68,4
3,900046,화법과작문,98,57,5,미적분,104,58,5,영어,3,정치와법,65,89,2,한국지리,59,76,4
4,900046,화법과작문,128,92,2,미적분,106,61,4,영어,2,정치와법,69,96,1,한국지리,55,69,4
6평,900046,화법과작문,112,75,4,미적분,107,69,4,영어,2,정치와법,63,94,2,한국지리,59,83,3
7,900046,화법과작문,131,93,2,미적분,132,91,2,영어,2,정치와법,72,98,1,한국지리,60,85,3
8,900046,화법과작문,121,86,3,미적분,110,77,3,영어,2,정치와법,66,98,1,한국지리,59,78,3
3,900047,화법과작문,104,69,4,미적분,104,58,5,영어,5,세계지리,48,33,6,한국지리,47,32,6
5,900047,화법과작문,96,40,5,미적분,95,38,6,영어,5,세계지리,50,39,6,한국지리,58,74,4
7,900047,화법과작문,110,70,4,미적분,106,49,5,영어,4,세계지리,44,28,6,한국지리,51,55,5
8,900047,화법과작문,98,45,5,미적분,97,53,5,영어,4,세계지리,47,36,6,한국지리,56,68,4
3,900048,화법과작문,150,100,1,기하,130,95,2,영어,1,생활과윤리,67,96,1,윤리와사상,65,95,2
4,900048,화법과작문,141,98,1,기하,145,99,1,영어,1,생활과윤리,60,95,2,윤리와사상,69,95,2
5,900048,화법과작문,136,96,1,기하,150,99,1,영어,1,생활과윤리,61,89,2,윤리와사상,71,99,1
6평,900048,화법과작문,148,100,1,기하,124,91,2,영어,1,생활과윤리,60,82,3,윤리와사상,71,98,1
7,900048,화법과작문,150,99,1,기하,141,96,1,영어,1,생활과윤리,74,99,1,윤리와사상,78,100,1
3,900049,언어와매체,93,46,5,미적분,78,11,7,영어,3,물리학1,53,58,5,세계지리,45,22,7
4,900049,언어와매체,101,53,5,미적분,103,55,5,영어,3,물리학1,47,46,5,세계지리,53,66,4
5,900049,언어와매체,102,52,5,미적분,90,54,6,영어,3,물리학1,55,73,4,세계지리,57,68,4
7,900049,언어와매체,110,70,4,미적분,106,49,5,영어,2,물리학1,55,78,3,세계지리,51,56,5
8,900049,언어와매체,96,41,5,미적분,83,27,6,영어,2,물리학1,59,83,3,세계지리,50,49,5
4,900050,언어와매체,113,75,4,확률과통계,118,83,3,영어,3,생활과윤리,47,62,4,사회문화,62,91,2
5,900050,언어와매체,125,88,3,확률과통계,119,81,3,영어,3,생활과윤리,49,48,5,사회문화,63,83,3
6평,900050,언어와매체,113,77,3,확률과통계,105,65,4,영어,3,생활과윤리,55,65,4,사회문화,62,89,2
7,900050,언어와매체,132,94,2,확률과통계,123,80,3,영어,2,생활과윤리,56,70,4,사회문화,63,91,2
8,900050,언어와매체,148,99,1,확률과통계,110,77,3,영어,2,생활과윤리,59,76,4,사회문화,71,97,1
3,900051,언어와매체,118,89,2,확률과통계,125,91,2,영어,2,사회문화,62,80,3,세계지리,58,74,4
4,900051,언어와매체,109,68,4,확률과통계,114,77,3,영어,3,사회문화,60,87,3,세계지리,59,85,3
6평,900051,언어와매체,119,85,3,확률과통계,118,86,3,영어,3,사회문화,62,89,2,세계지리,55,70,4
7,900051,언어와매체,137,96,1,확률과통계,149,99,1,영어,2,사회문화,63,91,2,세계지리,61,89,2
8,900051,언어와매체,129,93,2,확률과통계,113,81,3,영어,2,사회문화,61,83,3,세계지리,67,96,1
3,900052,언어와매체,96,52,5,미적분,96,40,5,영어,4,화학1,51,51,5,지구과학1,51,61,4
4,900052,언어와매체,109,68,4,미적분,105,59,5,영어,4,화학1,49,46,5,지구과학1,58,66,4
5,900052,언어와매체,106,59,5,미적분,94,36,6,영어,4,화학1,,,,지구과학1,51,52,5
6평,900052,언어와매체,110,71,4,미적분,98,51,5,영어,5,화학1,53,57,5,지구과학1,47,42,5
7,900052,언어와매체,121,85,3,미적분,117,71,4,영어,3,화학1,49,62,4,지구과학1,70,90,2
8,900052,언어와매체,107,64,4,미적분,98,55,5,영어,4,화학1,55,73,4,지구과학1,57,77,3
3,900053,화법과작문,125,95,2,확률과통계,123,89,2,영어,2,정치와법,73,98,1,한국지리,69,95,2
5,900053,화법과작문,119,81,3,확률과통계,113,72,4,영어,2,정치와법,59,88,3,한국지리,62,85,3
6평,900053,화법과작문,119,85,3,확률과통계,104,63,4,영어,2,정치와법,71,99,1,한국지리,59,83,3
7,900053,화법과작문,126,90,2,확률과통계,125,83,3,영어,1,정치와법,75,99,1,한국지리,,,
8,900053,화법과작문,134,96,1,확률과통계,103,65,4,영어,1,정치와법,65,97,1,한국지리,67,95,2
3,900054,언어와매체,113,83,3,미적분,131,95,2,영어,2,동아시아사,50,51,5,사회문화,70,94,2
4,900054,언어와매체,109,68,4,미적분,127,93,2,영어,3,동아시아사,55,67,4,사회문화,60,87,3
5,900054,언어와매체,108,63,4,미적분,130,92,2,영어,2,동아시아사,57,70,4,사회문화,70,95,2
7,900054,언어와매체,124,88,3,미적분,145,98,1,영어,1,동아시아사,66,94,2,사회문화,65,94,2
8,900054,언어와매체,127,92,2,미적분,141,99,1,영어,2,동아시아사,61,85,3,사회문화,69,96,1
3,900055,언어와매체,101,63,4,확률과통계,99,47,5,영어,3,정치와법,57,68,4,동아시아사,51,55,5
6평,900055,언어와매체,127,93,2,확률과통계,102,59,5,영어,3,정치와법,45,36,6,동아시아사,58,80,3
7,900055,언어와매체,124,88,3,확률과통계,117,71,4,영어,2,정치와법,60,81,3,동아시아사,59,83,3
8,900055,언어와매체,120,85,3,확률과통계,119,88,3,영어,2,정치와법,47,56,5,동아시아사,70,97,1
3,900056,언어와매체,125,95,2,미적분,125,91,2,영어,2,생활과윤리,64,93,2,윤리와사상,67,97,1
4,900056,언어와매체,149,99,1,미적분,131,95,2,영어,2,생활과윤리,54,84,3,윤리와사상,71,97,1
5,900056,언어와매체,150,99,1,미적분,136,96,1,영어,2,생활과윤리,55,72,4,윤리와사상,69,98,1
3,900057,언어와매체,95,50,5,기하,121,87,3,영어,3,물리학1,66,93,2,지구과학1,63,93,2
4,900057,언어와매체,123,88,3,기하,110,69,4,영어,4,물리학1,52,65,4,지구과학1,72,97,1
5,900057,언어와매체,114,74,4,기하,100,48,5,영어,4,물리학1,56,76,4,지구과학1,61,85,3
6평,900057,언어와매체,125,92,2,기하,108,71,4,영어,4,물리학1,52,58,5,지구과학1,56,74,4
7,900057,언어와매체,133,95,2,기하,121,77,3,영어,2,물리학1,59,88,3,지구과학1,70,90,2
8,900057,언어와매체,131,95,2,기하,116,85,3,영어,3,물리학1,55,72,4,지구과학1,60,85,3
3,900058,화법과작문,95,50,5,확률과통계,98,45,5,영어,5,사회문화,50,39,6,세계지리,53,54,5
4,900058,화법과작문,102,55,5,확률과통계,101,51,5,영어,6,사회문화,43,26,6,세계지리,40,18,7
5,900058,화법과작문,,,,확률과통계,116,77,3,영어,5,사회문화,45,20,7,세계지리,43,15,7
6평,900058,화법과작문,92,29,6,확률과통계,99,53,5,영어,5,사회문화,47,42,5,세계지리,41,18,7
8,900058,화법과작문,115,78,3,확률과통계,109,75,4,영어,5,사회문화,56,69,4,세계지리,46,32,6
3,900059,언어와매체,103,67,4,미적분,104,58,5,영어,5,지구과학1,47,46,5,물리학1,54,62,4
4,900059,언어와매체,114,76,4,미적분,104,57,5,영어,3,지구과학1,60,73,4,물리학1,54,72,4
5,900059,언어와매체,114,74,4,미적분,101,50,5,영어,3,지구과학1,51,52,5,물리학1,54,70,4
7,900059,언어와매체,100,53,5,미적분,104,45,5,영어,2,지구과학1,59,59,5,물리학1,50,59,5
8,900059,언어와매체,112,73,4,미적분,113,81,3,영어,3,지구과학1,51,56,5,물리학1,54,69,4
3,900060,언어와매체,113,83,3,미적분,129,94,2,영어,2,생명과학2,58,76,4,지구과학2,65,93,2
4,900060,언어와매체,124,89,2,미적분,130,95,2,영어,2,생명과학2,60,89,2,지구과학2,65,92,2
5,900060,언어와매체,127,90,2,미적분,137,96,1,영어,3,생명과학2,59,78,3,지구과학2,72,97,1
6평,900060,언어와매체,119,85,3,미적분,118,86,3,영어,2,생명과학2,52,62,4,지구과학2,61,82,3
7,900060,언어와매체,124,88,3,미적분,147,98,1,영어,2,생명과학2,62,90,2,지구과학2,66,95,2
8,900060,언어와매체,135,97,1,미적분,128,95,2,영어,1,생명과학2,59,87,3,지구과학2,67,96,1
3,900061,언어와매체,108,76,4,확률과통계,117,82,3,영어,4,동아시아사,61,88,3,사회문화,64,84,3
4,900061,언어와매체,106,63,4,확률과통계,114,77,3,영어,3,동아시아사,57,75,4,사회문화,57,80,3
5,900061,언어와매체,99,46,5,확률과통계,132,93,2,영어,3,동아시아사,60,79,3,사회문화,64,85,3
6평,900061,언어와매체,119,85,3,확률과통계,121,89,2,영어,4,동아시아사,62,89,2,사회문화,52,61,4
7,900061,언어와매체,119,83,3,확률과통계,136,94,2,영어,2,동아시아사,64,92,2,사회문화,65,94,2
8,900061,언어와매체,109,68,4,확률과통계,121,90,2,영어,2,동아시아사,63,89,2,사회문화,74,99,1
3,900062,화법과작문,103,67,4,미적분,114,77,3,영어,3,물리학1,61,84,3,생명과학1,63,85,3
5,900062,화법과작문,113,72,4,미적분,124,87,3,영어,3,물리학1,58,81,3,생명과학1,53,68,4
6평,900062,화법과작문,107,66,4,미적분,115,82,3,영어,3,물리학1,55,68,4,생명과학1,53,67,4
7,900062,화법과작문,130,93,2,미적분,134,92,2,영어,2,물리학1,61,92,2,생명과학1,67,98,1
3,900063,화법과작문,102,65,4,미적분,111,72,4,영어,2,윤리와사상,60,87,3,동아시아사,60,86,3
4,900063,화법과작문,106,63,4,미적분,122,88,3,영어,2,윤리와사상,57,65,4,동아시아사,62,88,3
5,900063,화법과작문,113,72,4,미적분,116,77,3,영어,2,윤리와사상,57,78,3,동아시아사,61,82,3
6평,900063,화법과작문,107,66,4,미적분,116,83,3,영어,2,윤리와사상,60,81,3,동아시아사,55,70,4
7,900063,화법과작문,121,85,3,미적분,130,89,2,영어,2,윤리와사상,65,89,2,동아시아사,63,91,2
3,900064,언어와매체,96,52,5,미적분,112,74,4,영어,4,생활과윤리,53,61,4,사회문화,58,68,4
4,900064,언어와매체,94,40,5,미적분,117,81,3,영어,4,생활과윤리,56,89,2,사회문화,47,41,5
5,900064,언어와매체,106,59,5,미적분,101,50,5,영어,4,생활과윤리,53,64,4,사회문화,53,48,5
6평,900064,언어와매체,93,36,6,미적분,107,69,4,영어,5,생활과윤리,57,73,4,사회문화,,,
7,900064,언어와매체,100,53,5,미적분,127,86,3,영어,3,생활과윤리,60,82,3,사회문화,61,87,3
8,900064,언어와매체,107,64,4,미적분,105,69,4,영어,3,생활과윤리,58,73,4,사회문화,57,72,4
4,900065,언어와매체,127,91,2,기하,121,87,3,영어,1,지구과학2,60,83,3,지구과학1,70,95,2
5,900065,언어와매체,122,85,3,기하,126,89,2,영어,1,지구과학2,,,,지구과학1,65,92,2
8,900065,언어와매체,,,,기하,122,91,2,영어,1,지구과학2,72,99,1,지구과학1,73,99,1
3,900066,언어와매체,107,74,4,확률과통계,114,77,3,영어,3,생활과윤리,61,87,3,세계지리,52,50,5
4,900066,언어와매체,109,68,4,확률과통계,115,78,3,영어,3,생활과윤리,50,73,4,세계지리,,,
5,900066,언어와매체,104,56,5,확률과통계,105,58,5,영어,4,생활과윤리,57,78,3,세계지리,50,39,6
6평,900066,언어와매체,106,64,4,확률과통계,121,89,2,영어,3,생활과윤리,50,45,5,세계지리,48,42,5
7,900066,언어와매체,113,75,4,확률과통계,124,82,4,영어,2,생활과윤리,58,76,4,사회문화,49,45,5
8,900066,언어와매체,119,84,3,확률과통계,121,90,2,영어,3,생활과윤리,54,56,5,사회문화,49,44,5
3,900067,화법과작문,131,97,1,확률과통계,120,86,3,영어,1,정치와법,,,,한국지리,76,99,1
6평,900067,화법과작문,124,91,2,확률과통계,109,72,4,영어,1,정치와법,65,96,1,한국지리,58,80,3
7,900067,화법과작문,135,95,2,확률과통계,149,99,1,영어,1,정치와법,68,96,1,한국지리,71,98,1
8,900067,화법과작문,150,100,1,확률과통계,131,96,1,영어,1,정치와법,65,97,1,한국지리,72,98,1
3,900068,언어와매체,,,,확률과통계,130,95,2,영어,2,정치와법,72,97,1,세계지리,71,98,1
4,900068,언어와매체,129,93,2,확률과통계,144,99,1,영어,2,정치와법,74,99,1,세계지리,66,96,1
5,900068,언어와매체,136,96,1,확률과통계,132,93,2,영어,2,정치와법,72,99,1,세계지리,73,98,1
6평,900068,언어와매체,142,99,1,확률과통계,136,98,1,영어,1,정치와법,72,99,1,세계지리,67,96,1
7,900068,언어와매체,150,99,1,확률과통계,150,99,1,영어,1,정치와법,80,100,1,세계지리,72,99,1
8,900068,언어와매체,148,99,1,확률과통계,134,97,1,영어,2,정치와법,80,100,1,세계지리,68,97,1
3,900069,화법과작문,138,99,1,확률과통계,144,99,1,영어,1,세계지리,67,95,2,윤리와사상,69,98,1
4,900069,화법과작문,150,99,1,확률과통계,134,97,1,영어,2,세계지리,62,91,2,윤리와사상,72,98,1
5,900069,화법과작문,140,97,1,확률과통계,142,98,1,영어,2,세계지리,70,97,1,윤리와사상,69,98,1
6평,900069,화법과작문,,,,확률과통계,131,96,1,영어,2,세계지리,56,73,4,윤리와사상,69,96,1
7,900069,화법과작문,150,99,1,확률과통계,150,99,1,영어,1,세계지리,70,98,1,윤리와사상,80,100,1
8,900069,화법과작문,149,99,1,확률과통계,137,98,1,영어,1,세계지리,68,97,1,윤리와사상,70,99,1
3,900070,언어와매체,119,90,2,미적분,111,72,4,영어,3,생명과학1,59,73,4,지구과학2,56,71,4
4,900070,언어와매체,126,91,2,미적분,117,81,3,영어,4,생명과학1,61,84,3,지구과학2,58,78,3
5,900070,언어와매체,134,95,2,미적분,110,67,4,영어,3,생명과학1,55,74,4,지구과학2,66,89,2
7,900070,언어와매체,138,97,1,미적분,125,83,3,영어,2,생명과학1,68,98,1,지구과학2,61,88,3
8,900070,언어와매체,139,98,1,미적분,121,90,2,영어,3,생명과학1,72,99,1,지구과학2,63,91,2
3,900071,언어와매체,110,79,3,미적분,114,77,3,영어,3,윤리와사상,61,89,2,정치와법,65,89,2
4,900071,언어와매체,128,92,2,미적분,113,75,4,영어,2,윤리와사상,67,93,2,정치와법,74,99,1
5,900071,언어와매체,120,82,3,미적분,110,67,4,영어,2,윤리와사상,58,81,3,정치와법,65,96,1
6평,900071,언어와매체,,,,미적분,130,95,2,영어,2,윤리와사상,68,95,2,정치와법,62,92,2
7,900071,언어와매체,117,80,3,미적분,150,99,1,영어,1,윤리와사상,65,89,2,정치와법,75,99,1
8,900071,언어와매체,129,93,2,미적분,122,91,2,영어,1,윤리와사상,64,96,1,정치와법,66,98,1
3,900072,언어와매체,117,88,3,확률과통계,106,62,4,영어,2,한국지리,72,98,1,동아시아사,57,77,3
4,900072,언어와매체,122,87,3,확률과통계,111,71,4,영어,1,한국지리,57,75,4,동아시아사,65,94,2
5,900072,언어와매체,126,89,2,확률과통계,113,72,4,영어,1,한국지리,61,83,3,동아시아사,68,94,2
6평,900072,언어와매체,116,81,3,확률과통계,103,61,4,영어,2,한국지리,,,,동아시아사,60,85,3
7,900072,언어와매체,134,95,2,확률과통계,,,,영어,1,한국지리,64,92,2,동아시아사,68,96,1
8,900072,언어와매체,125,90,2,확률과통계,126,94,2,영어,1,한국지리,66,93,2,동아시아사,66,93,2
3,900073,화법과작문,110,79,3,미적분,100,49,5,영어,3,사회문화,64,84,3,세계지리,48,33,6
4,900073,화법과작문,115,78,3,미적분,105,59,5,영어,3,사회문화,55,73,4,세계지리,50,54,5
5,900073,화법과작문,114,74,4,미적분,101,50,5,영어,3,사회문화,54,52,5,세계지리,56,64,4
6평,900073,화법과작문,109,69,4,미적분,101,57,5,영어,3,사회문화,58,81,3,세계지리,51,54,5
7,900073,화법과작문,128,91,2,미적분,115,67,4,영어,2,사회문화,56,73,4,세계지리,54,68,4
3,900074,화법과작문,101,63,4,미적분,106,62,4,영어,3,지구과학1,59,86,3,지구과학2,60,83,3
4,900074,화법과작문,116,79,3,미적분,118,83,3,영어,4,지구과학1,68,92,2,지구과학2,59,81,3
5,900074,화법과작문,103,54,5,미적분,122,85,3,영어,3,지구과학1,70,97,1,지구과학2,62,80,3
6평,900074,화법과작문,108,68,4,미적분,105,65,4,영어,2,지구과학1,66,94,2,지구과학2,61,82,3
7,900074,화법과작문,113,75,4,미적분,118,72,4,영어,2,지구과학1,73,94,2,지구과학2,58,81,3
8,900074,화법과작문,97,43,5,미적분,121,90,2,영어,2,지구과학1,68,96,1,지구과학2,61,87,3
3,900075,언어와매체,112,82,3,미적분,122,88,3,영어,2,정치와법,57,68,4,세계지리,,,
5,900075,언어와매체,118,80,3,미적분,119,81,3,영어,3,정치와법,43,35,6,세계지리,54,55,5
6평,900075,언어와매체,107,66,4,미적분,118,86,3,영어,2,정치와법,50,57,5,세계지리,51,54,5
7,900075,언어와매체,136,96,1,미적분,127,86,3,영어,2,정치와법,64,90,2,세계지리,55,72,4
8,900075,언어와매체,116,80,3,미적분,126,94,2,영어,2,정치와법,55,82,3,세계지리,58,79,3
4,900076,화법과작문,91,34,6,기하,114,77,3,영어,3,생명과학1,62,86,3,지구과학2,59,81,3
5,900076,화법과작문,102,52,5,기하,109,65,4,영어,3,생명과학1,62,91,2,지구과학2,59,71,4
6평,900076,화법과작문,122,89,2,기하,101,57,5,영어,3,생명과학1,59,85,3,지구과학2,58,73,4
8,900076,화법과작문,110,69,4,기하,114,83,3,영어,3,생명과학1,63,90,2,지구과학2,62,89,2
3,900077,화법과작문,97,54,5,미적분,98,45,5,영어,2,지구과학1,46,42,5,물리학1,57,72,4
4,900077,화법과작문,102,55,5,미적분,110,69,4,영어,3,지구과학1,59,69,4,물리학1,52,65,4
5,900077,화법과작문,99,46,5,미적분,125,88,3,영어,3,지구과학1,50,48,5,물리학1,50,56,5
7,900077,화법과작문,111,72,4,미적분,142,97,1,영어,2,지구과학1,53,36,6,물리학1,54,74,4
8,900077,화법과작문,101,51,5,미적분,108,74,4,영어,2,지구과학1,56,74,4,물리학1,61,88,3
3,900078,언어와매체,112,82,3,확률과통계,129,94,2,영어,3,정치와법,62,82,3,동아시아사,68,97,1
4,900078,언어와매체,129,93,2,확률과통계,129,94,2,영어,2,정치와법,61,83,3,동아시아사,75,100,1
6평,900078,언어와매체,113,77,3,확률과통계,124,91,2,영어,2,정치와법,53,68,4,동아시아사,68,97,1
7,900078,언어와매체,143,98,1,확률과통계,150,99,1,영어,2,정치와법,66,94,2,동아시아사,,,
8,900078,언어와매체,130,94,2,확률과통계,128,95,2,영어,2,정치와법,57,87,3,동아시아사,76,99,1
3,900079,언어와매체,103,67,4,기하,140,99,1,영어,2,지구과학2,61,85,3,생활과윤리,66,95,2
4,900079,언어와매체,128,92,2,기하,129,94,2,영어,2,지구과학2,69,96,1,생활과윤리,55,87,3
5,900079,언어와매체,125,88,3,기하,146,99,1,영어,2,지구과학2,69,94,2,생활과윤리,,,
6평,900079,언어와매체,120,87,3,기하,140,99,1,영어,2,지구과학2,62,85,3,생활과윤리,65,92,2
7,900079,언어와매체,146,99,1,기하,149,99,1,영어,2,지구과학2,72,99,1,생활과윤리,63,88,3
8,900079,언어와매체,127,92,2,기하,137,98,1,영어,1,지구과학2,67,96,1,생활과윤리,71,98,1
3,900080,화법과작문,100,61,4,미적분,111,72,4,영어,3,물리학1,53,58,5,화학1,46,33,6
4,900080,화법과작문,93,38,6,미적분,119,84,3,영어,3,물리학1,55,75,4,화학1,60,83,3
5,900080,화법과작문,105,58,5,미적분,131,93,2,영어,3,물리학1,41,25,6,화학1,47,55,5
6평,900080,화법과작문,103,57,5,미적분,114,80,3,영어,3,물리학1,55,68,4,화학1,53,57,5
7,900080,화법과작문,130,93,2,미적분,135,93,2,영어,3,물리학1,50,59,5,화학1,51,69,4
8,900080,화법과작문,107,64,4,미적분,127,94,2,영어,3,물리학1,56,75,4,화학1,57,79,3
5,900081,화법과작문,148,99,1,기하,122,85,3,영어,2,화학1,69,99,1,생명과학2,72,98,1
8,900081,화법과작문,148,99,1,기하,117,86,3,영어,1,화학1,72,99,1,물리학1,75,99,1
3,900082,언어와매체,117,88,3,미적분,114,77,3,영어,3,화학1,49,44,5,물리학1,66,93,2
5,900082,언어와매체,108,63,4,미적분,146,99,1,영어,3,화학1,54,79,3,물리학1,56,76,4
6평,900082,언어와매체,98,46,5,미적분,125,92,2,영어,3,화학1,60,81,3,물리학1,68,96,1
7,900082,언어와매체,121,85,3,미적분,132,91,2,영어,2,화학1,59,90,2,물리학1,61,92,2
8,900082,언어와매체,112,73,4,미적분,115,84,3,영어,3,화학1,56,76,4,물리학1,60,86,3
3,900083,언어와매체,132,98,1,확률과통계,112,74,4,영어,2,동아시아사,48,42,5,세계지리,65,92,2
4,900083,언어와매체,141,98,1,확률과통계,126,92,2,영어,3,동아시아사,45,27,6,세계지리,71,99,1
6평,900083,언어와매체,138,98,1,확률과통계,120,88,3,영어,2,동아시아사,52,59,5,세계지리,60,85,3
7,900083,언어와매체,150,99,1,확률과통계,150,99,1,영어,1,동아시아사,50,55,5,세계지리,67,97,1
8,900083,언어와매체,150,100,1,확률과통계,145,99,1,영어,2,동아시아사,59,80,3,세계지리,67,96,1
3,900084,언어와매체,104,69,4,기하,85,20,7,영어,4,화학1,55,66,4,생명과학1,62,83,3
4,900084,언어와매체,114,76,4,기하,87,22,7,영어,5,화학1,55,68,4,생명과학1,63,88,3
7,900084,언어와매체,107,65,4,기하,109,55,5,영어,4,화학1,49,62,4,물리학1,60,90,2
8,900084,언어와매체,109,68,4,기하,87,34,6,영어,4,화학1,54,69,4,물리학1,59,83,3
3,900085,화법과작문,105,71,4,확률과통계,105,60,4,영어,3,한국지리,65,90,2,세계지리,56,66,4
5,900085,화법과작문,112,70,4,확률과통계,128,91,2,영어,3,한국지리,59,77,3,세계지리,57,68,4
6평,900085,화법과작문,113,77,3,확률과통계,106,67,4,영어,3,한국지리,61,88,3,세계지리,51,54,5
7,900085,화법과작문,138,97,1,확률과통계,132,91,2,영어,2,한국지리,64,92,2,세계지리,59,84,3
8,900085,화법과작문,124,89,2,확률과통계,111,79,3,영어,2,한국지리,66,93,2,세계지리,63,91,2
3,900086,언어와매체,117,88,3,미적분,106,62,4,영어,3,지구과학2,64,91,2,생명과학2,65,91,2
4,900086,언어와매체,104,59,5,미적분,102,53,5,영어,4,지구과학2,75,99,1,생명과학2,57,82,3
5,900086,언어와매체,106,59,5,미적분,89,28,6,영어,4,지구과학2,68,92,2,생명과학2,64,90,2
6평,900086,언어와매체,115,80,3,미적분,88,31,6,영어,3,지구과학2,63,87,3,생명과학2,53,66,4
8,900086,언어와매체,114,76,4,미적분,112,80,3,영어,3,지구과학2,70,98,1,생명과학2,63,94,2
3,900087,언어와매체,83,26,6,확률과통계,110,70,4,영어,4,동아시아사,48,42,5,윤리와사상,48,45,5
4,900087,언어와매체,93,38,6,확률과통계,84,18,7,영어,4,동아시아사,51,51,5,윤리와사상,48,27,6
6평,900087,언어와매체,96,42,5,확률과통계,89,33,6,영어,4,동아시아사,49,47,5,윤리와사상,46,29,6
7,900087,언어와매체,110,70,4,확률과통계,112,61,4,영어,3,동아시아사,44,34,6,윤리와사상,52,43,5
8,900087,언어와매체,107,64,4,확률과통계,106,70,4,영어,3,동아시아사,50,51,5,윤리와사상,52,72,4
4,900088,화법과작문,125,90,2,확률과통계,136,97,1,영어,3,한국지리,61,86,3,동아시아사,73,99,1
5,900088,화법과작문,122,85,3,확률과통계,134,95,2,영어,3,한국지리,61,83,3,동아시아사,65,90,2
6평,900088,화법과작문,145,99,1,확률과통계,123,91,2,영어,2,한국지리,56,73,4,동아시아사,72,99,1
7,900088,화법과작문,140,97,1,확률과통계,146,98,1,영어,2,한국지리,59,82,3,동아시아사,75,99,1
3,900089,언어와매체,95,50,5,확률과통계,106,62,4,영어,3,세계지리,52,50,5,생활과윤리,49,44,5
4,900089,언어와매체,97,45,5,확률과통계,101,51,5,영어,3,세계지리,49,50,5,생활과윤리,41,38,6
5,900089,언어와매체,99,46,5,확률과통계,101,50,5,영어,3,세계지리,51,43,5,생활과윤리,51,56,5
7,900089,언어와매체,117,80,3,확률과통계,121,77,3,영어,2,세계지리,55,72,4,생활과윤리,60,82,3
8,900089,언어와매체,116,80,3,확률과통계,109,75,4,영어,2,세계지리,55,69,4,생활과윤리,53,52,5
4,900090,언어와매체,145,99,1,확률과통계,138,98,1,영어,2,동아시아사,67,96,1,세계지리,68,97,1
5,900090,언어와매체,147,99,1,확률과통계,137,96,1,영어,2,동아시아사,72,98,1,세계지리,66,92,2
6평,900090,언어와매체,134,97,1,확률과통계,136,98,1,영어,2,동아시아사,62,89,2,세계지리,70,98,1
8,900090,언어와매체,150,100,1,확률과통계,129,96,1,영어,1,동아시아사,75,99,1,세계지리,70,98,1
4,900091,언어와매체,120,85,3,미적분,105,59,5,영어,1,생명과학2,57,82,3,지구과학1,69,93,2
5,900091,언어와매체,111,69,4,미적분,110,67,4,영어,2,생명과학2,62,86,3,지구과학1,59,80,3
6평,900091,언어와매체,108,68,4,미적분,108,71,4,영어,2,생명과학2,56,76,4,지구과학1,64,91,2
7,900091,언어와매체,140,97,1,미적분,122,79,3,영어,1,생명과학2,60,86,3,지구과학1,75,96,1
8,900091,언어와매체,130,94,2,미적분,127,94,2,영어,1,생명과학2,62,93,2,지구과학1,72,99,1
3,900092,언어와매체,89,38,6,기하,92,32,6,영어,4,지구과학2,52,56,5,생명과학1,50,38,6
4,900092,언어와매체,97,45,5,기하,102,53,5,영어,4,지구과학2,45,34,6,생명과학1,53,59,5
6평,900092,언어와매체,106,64,4,기하,93,41,5,영어,4,지구과학2,56,66,4,생명과학1,46,39,6
7,900092,언어와매체,118,82,3,기하,118,72,4,영어,3,지구과학2,49,52,5,생명과학1,45,42,5
8,900092,언어와매체,99,47,5,기하,96,51,5,영어,3,지구과학2,51,58,5,생명과학1,,,
3,900093,언어와매체,125,95,2,미적분,115,79,3,영어,2,지구과학2,50,48,5,생명과학1,61,80,3
4,900093,언어와매체,128,92,2,미적분,108,66,4,영어,2,지구과학2,53,63,4,생명과학1,60,81,3
5,900093,언어와매체,120,82,3,미적분,98,44,5,영어,2,지구과학2,58,68,4,생명과학1,63,92,2
6평,900093,언어와매체,128,94,2,미적분,113,79,3,영어,2,지구과학2,47,29,6,생명과학1,47,43,5
7,900093,언어와매체,127,91,2,미적분,119,74,4,영어,2,지구과학2,54,70,4,생명과학1,49,58,5
3,900094,언어와매체,100,61,4,미적분,,,,영어,3,생명과학1,61,80,3,지구과학2,67,95,2
5,900094,언어와매체,111,69,4,미적분,93,35,6,영어,3,생명과학1,59,85,3,지구과학2,72,97,1
6평,900094,언어와매체,,,,미적분,103,61,4,영어,3,생명과학1,60,87,3,지구과학2,66,93,2
7,900094,언어와매체,123,87,3,미적분,120,76,4,영어,3,생명과학1,57,84,3,지구과학2,80,100,1
3,900095,화법과작문,95,50,5,확률과통계,91,30,6,영어,3,정치와법,48,35,6,윤리와사상,56,76,4
5,900095,화법과작문,102,52,5,확률과통계,95,38,6,영어,3,정치와법,50,62,4,윤리와사상,54,67,4
6평,900095,화법과작문,103,57,5,확률과통계,95,45,5,영어,3,정치와법,50,57,5,윤리와사상,61,83,3
7,900095,화법과작문,114,76,4,확률과통계,131,90,2,영어,2,정치와법,55,64,4,윤리와사상,66,91,2
8,900095,화법과작문,93,35,6,확률과통계,118,87,3,영어,3,정치와법,55,82,3,윤리와사상,55,81,3
3,900096,언어와매체,102,65,4,미적분,132,96,1,영어,3,지구과학1,57,81,3,지구과학2,55,67,4
4,900096,언어와매체,113,75,4,미적분,125,91,2,영어,3,지구과학1,57,62,4,지구과학2,65,92,2
5,900096,언어와매체,126,89,2,미적분,137,96,1,영어,3,지구과학1,59,80,3,지구과학2,64,85,3
6평,900096,언어와매체,112,75,4,미적분,138,98,1,영어,3,지구과학1,57,77,3,지구과학2,58,73,4
7,900096,언어와매체,114,76,4,미적분,150,99,1,영어,2,지구과학1,64,76,4,지구과학2,63,91,2
8,900096,언어와매체,142,99,1,미적분,137,98,1,영어,2,지구과학1,62,89,2,지구과학2,67,96,1
3,900097,언어와매체,94,48,5,확률과통계,122,88,3,영어,2,한국지리,52,51,5,동아시아사,52,59,5
4,900097,언어와매체,102,55,5,확률과통계,123,89,2,영어,3,한국지리,50,50,5,동아시아사,59,81,3
5,900097,언어와매체,105,58,5,확률과통계,138,96,1,영어,3,한국지리,51,48,5,동아시아사,49,40,5
6평,900097,언어와매체,100,51,5,확률과통계,110,74,4,영어,2,한국지리,49,44,5,동아시아사,58,80,3
7,900097,언어와매체,117,80,3,확률과통계,126,84,3,영어,1,한국지리,60,85,3,동아시아사,64,92,2
8,900097,언어와매체,112,73,4,확률과통계,119,88,3,영어,2,한국지리,55,64,4,동아시아사,58,78,3
3,900098,언어와매체,97,54,5,확률과통계,116,80,3,영어,2,사회문화,57,64,4,한국지리,63,86,3
4,900098,언어와매체,109,68,4,확률과통계,121,87,3,영어,3,사회문화,58,82,3,한국지리,63,90,2
6평,900098,언어와매체,112,75,4,확률과통계,103,61,4,영어,3,사회문화,54,68,4,한국지리,53,61,4
7,900098,언어와매체,130,93,2,확률과통계,131,90,2,영어,2,사회문화,68,97,1,한국지리,63,91,2
3,900099,화법과작문,91,42,5,미적분,108,66,4,영어,2,지구과학2,54,64,4,생명과학1,54,54,5
4,900099,화법과작문,98,47,5,미적분,116,80,3,영어,2,지구과학2,,,,생명과학1,58,76,4
5,900099,화법과작문,,,,미적분,,,,영어,2,지구과학2,56,60,4,생명과학1,,,
6평,900099,화법과작문,115,80,3,미적분,116,83,3,영어,2,지구과학2,56,66,4,생명과학1,43,29,6
7,900099,화법과작문,136,96,1,미적분,133,92,2,영어,1,지구과학2,58,81,3,생명과학1,57,84,3
3,900100,화법과작문,100,61,4,확률과통계,114,77,3,영어,2,윤리와사상,53,66,4,한국지리,,,
4,900100,화법과작문,98,47,5,확률과통계,106,61,4,영어,3,윤리와사상,59,72,4,한국지리,38,12,7
5,900100,화법과작문,106,59,5,확률과통계,112,70,4,영어,3,윤리와사상,55,71,4,한국지리,45,25,6
6평,900100,화법과작문,93,36,6,확률과통계,113,79,3,영어,2,윤리와사상,56,68,4,한국지리,45,28,6
7,900100,화법과작문,,,,확률과통계,124,82,3,영어,2,윤리와사상,63,84,3,한국지리,49,46,5
8,900100,화법과작문,110,69,4,확률과통계,119,88,3,영어,2,윤리와사상,57,86,3,한국지리,49,39,6
3,900101,언어와매체,112,82,3,확률과통계,127,93,2,영어,1,정치와법,64,87,3,한국지리,,,
5,900101,언어와매체,127,90,2,확률과통계,118,80,3,영어,2,정치와법,66,97,1,한국지리,65,91,2
6평,900101,언어와매체,119,85,3,확률과통계,124,91,2,영어,2,정치와법,66,97,1,한국지리,70,98,1
8,900101,언어와매체,141,98,1,확률과통계,143,99,1,영어,1,정치와법,64,96,1,한국지리,75,99,1
4,900102,언어와매체,131,94,2,확률과통계,123,89,2,영어,2,생활과윤리,53,82,3,사회문화,55,73,4
5,900102,언어와매체,123,86,3,확률과통계,118,80,3,영어,2,생활과윤리,56,75,4,사회문화,58,67,4
6평,900102,언어와매체,126,92,2,확률과통계,113,79,3,영어,2,생활과윤리,54,61,4,사회문화,54,68,4
7,900102,언어와매체,139,97,1,확률과통계,122,79,3,영어,2,생활과윤리,65,91,2,사회문화,63,91,2
8,900102,언어와매체,,,,확률과통계,112,80,3,영어,1,생활과윤리,65,91,2,사회문화,64,89,2
3,900103,언어와매체,103,67,4,미적분,107,64,4,영어,3,생명과학2,58,76,4,물리학1,54,62,4
4,900103,언어와매체,115,78,3,미적분,107,63,4,영어,3,생명과학2,53,68,4,물리학1,51,62,4
5,900103,언어와매체,119,81,3,미적분,122,85,3,영어,3,생명과학2,60,81,3,물리학1,60,86,3
6평,900103,언어와매체,128,94,2,미적분,111,76,4,영어,3,생명과학2,60,87,3,물리학1,53,61,4
7,900103,언어와매체,135,95,2,미적분,131,90,2,영어,2,생명과학2,60,86,3,물리학1,54,74,4
3,900104,화법과작문,109,77,3,미적분,113,76,4,영어,2,정치와법,58,71,4,한국지리,64,88,3
4,900104,화법과작문,110,70,4,미적분,113,75,4,영어,3,정치와법,50,44,5,한국지리,62,88,3
5,900104,화법과작문,120,82,3,미적분,115,75,4,영어,3,정치와법,,,,한국지리,62,85,3
6평,900104,화법과작문,117,83,3,미적분,113,79,3,영어,2,정치와법,45,36,6,한국지리,61,88,3
7,900104,화법과작문,107,65,4,미적분,134,92,2,영어,2,정치와법,51,48,5,한국지리,67,96,1
3,900105,언어와매체,71,10,8,미적분,92,32,6,영어,4,생명과학1,57,66,4,화학1,48,40,5
4,900105,언어와매체,72,9,8,미적분,87,22,7,영어,5,생명과학1,,,,화학1,57,75,4
6평,900105,언어와매체,88,26,6,미적분,91,37,6,영어,4,생명과학1,43,29,6,화학1,44,24,6
7,900105,언어와매체,85,26,6,미적분,122,79,3,영어,4,생명과학1,49,58,5,화학1,49,62,4
8,900105,언어와매체,85,21,7,미적분,94,47,5,영어,4,생명과학1,52,56,5,화학1,50,54,5
3,900106,화법과작문,105,71,4,미적분,110,70,4,영어,5,정치와법,55,60,4,동아시아사,48,42,5
4,900106,화법과작문,100,51,5,미적분,108,66,4,영어,4,정치와법,53,56,5,동아시아사,46,30,6
5,900106,화법과작문,115,75,4,미적분,120,82,3,영어,4,정치와법,46,46,5,동아시아사,,,
6평,900106,화법과작문,108,68,4,미적분,111,76,4,영어,5,정치와법,53,68,4,동아시아사,,,
8,900106,화법과작문,114,76,4,미적분,103,65,4,영어,4,정치와법,58,89,2,동아시아사,43,27,6
3,900107,화법과작문,97,54,5,미적분,104,58,5,영어,2,지구과학2,51,52,5,화학1,54,62,4
4,900107,화법과작문,78,15,7,미적분,126,92,2,영어,3,지구과학2,60,83,3,화학1,59,80,3
5,900107,화법과작문,108,63,4,미적분,128,91,2,영어,3,지구과학2,61,77,3,화학1,53,76,4
6평,900107,화법과작문,98,46,5,미적분,125,92,2,영어,3,지구과학2,60,80,3,화학1,62,86,3
7,900107,화법과작문,130,93,2,미적분,141,96,1,영어,2,지구과학2,55,73,4,화학1,58,88,3
8,900107,화법과작문,125,90,2,미적분,124,93,2,영어,2,지구과학2,66,95,2,화학1,63,92,2
3,900108,화법과작문,127,96,1,미적분,140,99,1,영어,1,생명과학2,75,99,1,윤리와사상,73,99,1
4,900108,화법과작문,128,92,2,미적분,143,99,1,영어,1,생명과학2,67,98,1,윤리와사상,76,99,1
5,900108,화법과작문,146,99,1,미적분,124,87,3,영어,1,생명과학2,72,98,1,윤리와사상,71,99,1
6평,900108,화법과작문,133,97,1,미적분,129,95,2,영어,1,생명과학2,65,95,2,윤리와사상,66,93,2
7,900108,화법과작문,,,,미적분,150,99,1,영어,1,생명과학2,77,100,1,윤리와사상,76,99,1
8,900108,화법과작문,150,100,1,미적분,142,99,1,영어,1,생명과학2,74,100,1,윤리와사상,74,100,1
4,900109,언어와매체,118,82,3,확률과통계,101,51,5,영어,2,한국지리,51,54,5,윤리와사상,56,61,4
5,900109,언어와매체,127,90,2,확률과통계,102,52,5,영어,2,한국지리,60,80,3,윤리와사상,53,63,4
7,900109,언어와매체,121,85,3,확률과통계,127,86,3,영어,2,한국지리,61,87,3,윤리와사상,66,91,2
8,900109,언어와매체,126,91,2,확률과통계,119,88,3,영어,2,한국지리,55,64,4,윤리와사상,61,93,2
3,900110,화법과작문,85,30,6,확률과통계,91,30,6,영어,4,동아시아사,50,51,5,세계지리,55,62,4
4,900110,화법과작문,82,20,7,확률과통계,91,29,6,영어,4,동아시아사,53,59,5,세계지리,50,54,5
5,900110,화법과작문,83,19,7,확률과통계,110,67,4,영어,3,동아시아사,47,32,6,세계지리,57,68,4
6평,900110,화법과작문,92,34,6,확률과통계,102,59,5,영어,3,동아시아사,47,39,6,세계지리,53,62,4
7,900110,화법과작문,102,56,5,확률과통계,116,69,4,영어,3,동아시아사,60,85,3,세계지리,53,64,4
8,900110,화법과작문,120,85,3,확률과통계,91,41,5,영어,3,동아시아사,58,78,3,세계지리,52,57,5
3,900111,언어와매체,113,83,3,미적분,124,90,2,영어,2,생명과학2,64,90,2,지구과학1,63,93,2
4,900111,언어와매체,140,98,1,미적분,130,95,2,영어,3,생명과학2,59,87,3,지구과학1,66,89,2
5,900111,언어와매체,139,97,1,미적분,128,91,2,영어,2,생명과학2,63,88,3,지구과학1,67,95,2
6평,900111,언어와매체,126,92,2,미적분,135,97,1,영어,2,생명과학2,,,,지구과학1,61,86,3
7,900111,언어와매체,145,98,1,미적분,146,98,1,영어,2,생명과학2,67,97,1,지구과학1,69,88,3
8,900111,언어와매체,139,98,1,미적분,138,98,1,영어,2,생명과학2,66,97,1,지구과학1,70,98,1
3,900112,언어와매체,97,54,5,확률과통계,105,60,4,영어,4,세계지리,53,54,5,사회문화,55,57,5
4,900112,언어와매체,111,72,4,확률과통계,96,40,5,영어,4,세계지리,50,54,5,사회문화,52,62,4
5,900112,언어와매체,104,56,5,확률과통계,121,83,3,영어,4,세계지리,55,60,4,사회문화,55,56,5
6평,900112,언어와매체,88,26,6,확률과통계,96,47,5,영어,4,세계지리,57,77,3,사회문화,46,38,6
7,900112,언어와매체,108,67,4,확률과통계,121,77,3,영어,2,세계지리,60,87,3,사회문화,59,82,3
8,900112,언어와매체,112,73,4,확률과통계,108,74,4,영어,3,세계지리,58,79,3,사회문화,57,72,4
3,900113,언어와매체,114,85,3,미적분,150,100,1,영어,2,생명과학1,60,77,3,지구과학1,72,99,1
4,900113,언어와매체,134,96,1,미적분,145,99,1,영어,1,생명과학1,55,66,4,지구과학1,68,92,2
5,900113,언어와매체,116,77,3,미적분,146,99,1,영어,2,생명과학1,58,82,3,지구과학1,67,95,2
6평,900113,언어와매체,114,78,3,미적분,150,100,1,영어,2,생명과학1,51,59,5,지구과학1,74,99,1
7,900113,언어와매체,145,98,1,미적분,150,99,1,영어,1,생명과학1,62,93,2,물리학1,64,96,1
8,900113,언어와매체,128,93,2,미적분,150,100,1,영어,1,생명과학1,65,93,2,물리학1,64,93,2
3,900114,언어와매체,114,85,3,미적분,127,93,2,영어,2,지구과학2,53,60,4,생활과윤리,58,79,3
4,900114,언어와매체,116,79,3,미적분,121,87,3,영어,3,지구과학2,59,81,3,생활과윤리,48,65,4
5,900114,언어와매체,115,75,4,미적분,117,78,3,영어,3,지구과학2,62,80,3,생활과윤리,53,64,4
7,900114,언어와매체,125,89,2,미적분,124,82,3,영어,2,지구과학2,56,76,4,생활과윤리,54,64,4
8,900114,언어와매체,123,88,3,미적분,129,96,1,영어,2,지구과학2,65,93,2,생활과윤리,63,87,3
3,900115,화법과작문,115,86,3,확률과통계,117,82,3,영어,3,사회문화,74,97,1,세계지리,50,41,5
4,900115,화법과작문,135,96,1,확률과통계,116,80,3,영어,4,사회문화,66,96,1,세계지리,56,77,3
6평,900115,화법과작문,,,,확률과통계,107,69,4,영어,3,사회문화,68,97,1,세계지리,55,70,4
7,900115,화법과작문,137,96,1,확률과통계,129,88,3,영어,2,사회문화,62,89,2,세계지리,57,78,3
8,900115,화법과작문,130,94,2,확률과통계,102,63,4,영어,3,사회문화,73,98,1,세계지리,60,85,3
3,900116,화법과작문,98,57,5,확률과통계,116,80,3,영어,4,윤리와사상,48,45,5,세계지리,53,54,5
4,900116,화법과작문,103,57,5,확률과통계,122,88,3,영어,5,윤리와사상,62,82,3,세계지리,58,82,3
5,900116,화법과작문,108,63,4,확률과통계,125,88,3,영어,4,윤리와사상,50,50,5,세계지리,59,75,4
6평,900116,화법과작문,101,53,5,확률과통계,112,77,3,영어,5,윤리와사상,,,,세계지리,59,82,3
7,900116,화법과작문,117,80,3,확률과통계,132,91,2,영어,3,윤리와사상,65,89,2,세계지리,63,92,2
8,900116,화법과작문,92,33,6,확률과통계,123,92,2,영어,3,윤리와사상,63,95,2,세계지리,62,89,2
3,900117,화법과작문,109,77,3,확률과통계,93,34,6,영어,4,한국지리,52,51,5,동아시아사,49,47,5
5,900117,화법과작문,96,40,5,확률과통계,,,,영어,5,한국지리,51,48,5,동아시아사,48,36,6
6평,900117,화법과작문,102,55,5,확률과통계,91,37,6,영어,4,한국지리,52,57,5,동아시아사,39,14,7
7,900117,화법과작문,120,84,3,확률과통계,111,59,5,영어,3,한국지리,49,46,5,생활과윤리,49,45,5
3,900118,화법과작문,128,96,1,확률과통계,126,92,2,영어,1,한국지리,65,90,2,생활과윤리,68,97,1
4,900118,화법과작문,122,87,3,확률과통계,112,73,4,영어,2,한국지리,66,94,2,생활과윤리,57,90,2
6평,900118,화법과작문,134,97,1,확률과통계,124,91,2,영어,2,한국지리,,,,생활과윤리,60,82,3
7,900118,화법과작문,142,98,1,확률과통계,145,98,1,영어,1,한국지리,67,96,1,사회문화,57,76,4
3,900119,화법과작문,112,82,3,미적분,123,89,2,영어,3,지구과학2,65,93,2,동아시아사,50,51,5
4,900119,화법과작문,107,65,4,미적분,96,40,5,영어,3,지구과학2,68,96,1,동아시아사,55,67,4
5,900119,화법과작문,116,77,3,미적분,120,82,3,영어,2,지구과학2,63,83,3,동아시아사,53,55,5
6평,900119,화법과작문,103,57,5,미적분,104,63,4,영어,2,지구과학2,73,99,1,동아시아사,55,70,4
7,900119,화법과작문,128,91,2,미적분,134,92,2,영어,2,지구과학2,62,90,2,동아시아사,56,75,4
8,900119,화법과작문,109,68,4,미적분,124,93,2,영어,3,지구과학2,70,98,1,동아시아사,60,83,3
3,900120,화법과작문,112,82,3,미적분,110,70,4,영어,3,화학1,60,81,3,물리학1,55,66,4
4,900120,화법과작문,105,61,4,미적분,92,31,6,영어,2,화학1,58,78,3,물리학1,50,33,5
5,900120,화법과작문,113,72,4,미적분,,,,영어,4,화학1,54,79,3,물리학1,58,81,3
6평,900120,화법과작문,116,81,3,미적분,107,69,4,영어,3,화학1,49,41,5,물리학1,57,75,4
7,900120,화법과작문,138,97,1,미적분,119,74,4,영어,2,화학1,56,84,3,물리학1,57,84,3
8,900120,화법과작문,123,88,3,미적분,109,75,4,영어,1,화학1,59,84,3,물리학1,51,59,5
3,900121,화법과작문,96,52,5,확률과통계,108,66,4,영어,4,한국지리,58,73,4,윤리와사상,51,58,5
4,900121,화법과작문,85,24,6,확률과통계,117,81,3,영어,3,한국지리,57,75,4,윤리와사상,64,87,3
5,900121,화법과작문,110,67,4,확률과통계,110,67,4,영어,4,한국지리,49,40,5,윤리와사상,58,81,3
6평,900121,화법과작문,94,38,6,확률과통계,132,96,1,영어,3,한국지리,55,69,4,윤리와사상,57,71,4
7,900121,화법과작문,104,60,4,확률과통계,130,89,2,영어,3,한국지리,60,85,3,윤리와사상,68,94,2
8,900121,화법과작문,112,73,4,확률과통계,120,89,2,영어,3,한국지리,60,81,3,윤리와사상,61,93,2
4,900122,언어와매체,93,38,6,기하,93,33,6,영어,3,한국지리,43,24,6,윤리와사상,51,39,6
5,900122,언어와매체,99,46,5,기하,96,40,5,영어,4,한국지리,41,14,7,윤리와사상,46,33,6
7,900122,언어와매체,88,31,6,기하,107,51,5,영어,3,한국지리,47,39,6,윤리와사상,61,79,3
3,900123,언어와매체,108,76,4,미적분,108,66,4,영어,3,동아시아사,49,47,5,한국지리,60,79,3
4,900123,언어와매체,102,55,5,미적분,112,73,4,영어,3,동아시아사,51,51,5,한국지리,52,58,5
6평,900123,언어와매체,109,69,4,미적분,93,41,5,영어,3,동아시아사,54,66,4,한국지리,58,80,3
7,900123,언어와매체,117,80,3,미적분,129,88,3,영어,2,동아시아사,62,89,2,한국지리,67,96,1
8,900123,언어와매체,125,90,2,미적분,112,80,3,영어,2,동아시아사,62,87,3,한국지리,66,93,2
3,900124,화법과작문,132,98,1,확률과통계,122,88,3,영어,2,세계지리,66,93,2,정치와법,65,89,2
4,900124,화법과작문,118,82,3,확률과통계,138,98,1,영어,1,세계지리,56,77,3,정치와법,62,85,3
5,900124,화법과작문,133,94,2,확률과통계,133,94,2,영어,1,세계지리,69,96,1,정치와법,62,93,2
6평,900124,화법과작문,122,89,2,확률과통계,137,98,1,영어,1,세계지리,66,95,2,정치와법,61,91,2
7,900124,화법과작문,137,96,1,확률과통계,149,99,1,영어,1,세계지리,70,98,1,정치와법,67,95,2
8,900124,화법과작문,122,87,3,확률과통계,138,98,1,영어,1,세계지리,63,91,2,정치와법,70,99,1
3,900125,화법과작문,104,69,4,확률과통계,97,42,5,영어,3,한국지리,49,39,6,윤리와사상,57,80,3
4,900125,화법과작문,107,65,4,확률과통계,107,63,4,영어,2,한국지리,51,54,5,윤리와사상,56,61,4
5,900125,화법과작문,129,91,2,확률과통계,114,74,4,영어,2,한국지리,54,59,5,윤리와사상,66,96,1
6평,900125,화법과작문,114,78,3,확률과통계,103,61,4,영어,2,한국지리,53,61,4,윤리와사상,50,44,5
7,900125,화법과작문,136,96,1,확률과통계,124,82,3,영어,1,한국지리,54,66,4,윤리와사상,59,72,4
8,900125,화법과작문,116,80,3,확률과통계,118,87,3,영어,2,한국지리,61,84,3,윤리와사상,54,78,3
3,900126,화법과작문,92,44,5,미적분,91,30,6,영어,4,사회문화,49,35,6,정치와법,46,28,6
4,900126,화법과작문,79,16,7,미적분,88,24,6,영어,5,사회문화,46,37,6,정치와법,41,15,7
5,900126,화법과작문,104,56,5,미적분,98,44,5,영어,4,사회문화,50,37,6,정치와법,43,35,6
6평,900126,화법과작문,82,17,7,미적분,90,35,6,영어,4,사회문화,42,25,6,정치와법,47,44,5
7,900126,화법과작문,87,30,6,미적분,108,53,5,영어,4,사회문화,57,76,4,정치와법,51,48,5
8,900126,화법과작문,87,24,6,미적분,100,59,5,영어,3,사회문화,51,51,5,정치와법,48,60,4
3,900127,화법과작문,,,,미적분,124,90,2,영어,3,지구과학2,53,60,4,지구과학1,53,69,4
4,900127,화법과작문,119,83,3,미적분,118,83,3,영어,3,지구과학2,48,44,5,지구과학1,58,66,4
7,900127,화법과작문,131,93,2,미적분,131,90,2,영어,2,지구과학2,52,63,4,지구과학1,68,86,3
8,900127,화법과작문,121,86,3,미적분,121,90,2,영어,3,지구과학2,57,78,3,지구과학1,56,74,4
3,900128,화법과작문,113,83,3,기하,128,94,2,영어,2,지구과학2,58,77,3,생명과학2,62,86,3
5,900128,화법과작문,137,96,1,기하,150,99,1,영어,2,지구과학2,68,92,2,생명과학2,63,88,3
6평,900128,화법과작문,131,96,1,기하,126,93,2,영어,2,지구과학2,66,93,2,생명과학2,60,87,3
7,900128,화법과작문,145,98,1,기하,150,99,1,영어,2,지구과학2,66,95,2,생명과학2,62,90,2
8,900128,화법과작문,126,91,2,기하,138,98,1,영어,2,지구과학2,64,92,2,생명과학2,63,94,2
4,900129,화법과작문,112,73,4,확률과통계,102,53,5,영어,4,생활과윤리,51,76,4,정치와법,58,74,4
5,900129,화법과작문,107,61,4,확률과통계,100,48,5,영어,4,생활과윤리,54,68,4,정치와법,53,73,4
6평,900129,화법과작문,104,59,5,확률과통계,118,86,3,영어,4,생활과윤리,61,85,3,정치와법,54,72,4
7,900129,화법과작문,110,70,4,확률과통계,133,92,2,영어,3,생활과윤리,70,97,1,정치와법,64,90,2
8,900129,화법과작문,117,81,3,확률과통계,129,96,1,영어,2,생활과윤리,63,87,3,정치와법,62,95,2
3,900130,언어와매체,132,98,1,미적분,98,45,5,영어,2,지구과학1,54,72,4,지구과학2,58,77,3
4,900130,언어와매체,127,91,2,미적분,,,,영어,2,지구과학1,68,92,2,지구과학2,57,76,4
5,900130,언어와매체,135,95,2,미적분,99,46,5,영어,3,지구과학1,63,89,2,지구과학2,62,80,3
6평,900130,언어와매체,128,94,2,미적분,105,65,4,영어,2,지구과학1,58,79,3,지구과학2,63,87,3
7,900130,언어와매체,137,96,1,미적분,,,,영어,1,지구과학1,73,94,2,지구과학2,61,88,3
3,900131,화법과작문,111,80,3,확률과통계,135,97,1,영어,1,동아시아사,75,100,1,사회문화,76,98,1
4,900131,화법과작문,129,93,2,확률과통계,141,99,1,영어,1,동아시아사,71,98,1,사회문화,65,95,2
6평,900131,화법과작문,120,87,3,확률과통계,135,97,1,영어,1,동아시아사,69,97,1,사회문화,68,97,1
7,900131,화법과작문,128,91,2,확률과통계,150,99,1,영어,1,동아시아사,72,98,1,사회문화,75,100,1
3,900132,화법과작문,105,71,4,기하,110,70,4,영어,2,생명과학1,66,91,2,물리학1,64,90,2
4,900132,화법과작문,114,76,4,기하,113,75,4,영어,3,생명과학1,56,69,4,물리학1,58,84,3
5,900132,화법과작문,116,77,3,기하,114,74,4,영어,2,생명과학1,56,77,3,물리학1,54,70,4
6평,900132,화법과작문,115,80,3,기하,,,,영어,2,생명과학1,61,89,2,물리학1,49,46,5
7,900132,화법과작문,124,88,3,기하,137,94,2,영어,1,생명과학1,56,82,3,물리학1,64,96,1
8,900132,화법과작문,116,80,3,기하,126,94,2,영어,2,생명과학1,68,96,1,물리학1,64,93,2
3,900133,화법과작문,108,76,4,미적분,109,68,4,영어,3,지구과학1,47,46,5,생명과학2,50,49,5
4,900133,화법과작문,112,73,4,미적분,110,69,4,영어,2,지구과학1,51,38,6,생명과학2,49,51,5
5,900133,화법과작문,96,40,5,미적분,120,82,3,영어,2,지구과학1,58,77,3,생명과학2,,,
6평,900133,화법과작문,96,42,5,미적분,105,65,4,영어,3,지구과학1,45,35,6,생명과학2,39,15,7
7,900133,화법과작문,116,79,3,미적분,129,88,3,영어,2,지구과학1,61,66,4,생명과학2,55,71,4
8,900133,화법과작문,116,80,3,미적분,127,94,2,영어,2,지구과학1,54,67,4,생명과학2,,,
4,900134,화법과작문,108,66,4,확률과통계,130,95,2,영어,3,사회문화,57,80,3,정치와법,53,56,5
7,900134,화법과작문,111,72,4,확률과통계,135,93,2,영어,1,사회문화,65,94,2,정치와법,58,75,4
8,900134,화법과작문,119,84,3,확률과통계,127,94,2,영어,2,사회문화,67,94,2,정치와법,54,80,3
3,900135,언어와매체,112,82,3,확률과통계,113,76,4,영어,2,세계지리,64,90,2,생활과윤리,67,96,1
4,900135,언어와매체,108,66,4,확률과통계,125,91,2,영어,2,세계지리,59,85,3,생활과윤리,53,82,3
5,900135,언어와매체,121,83,3,확률과통계,131,93,2,영어,2,세계지리,74,99,1,생활과윤리,68,97,1
6평,900135,언어와매체,121,88,3,확률과통계,116,83,3,영어,2,세계지리,68,97,1,생활과윤리,72,98,1
7,900135,언어와매체,,,,확률과통계,138,95,2,영어,2,세계지리,70,98,1,생활과윤리,72,98,1
8,900135,언어와매체,133,96,1,확률과통계,126,94,2,영어,2,세계지리,68,97,1,생활과윤리,76,99,1
3,900136,화법과작문,114,85,3,미적분,122,88,3,영어,1,윤리와사상,64,94,2,동아시아사,60,86,3
5,900136,화법과작문,118,80,3,미적분,129,91,2,영어,1,윤리와사상,63,92,2,동아시아사,59,76,4
7,900136,화법과작문,127,91,2,미적분,139,95,2,영어,1,윤리와사상,72,98,1,동아시아사,71,98,1
8,900136,화법과작문,119,84,3,미적분,123,92,2,영어,1,윤리와사상,60,92,2,동아시아사,,,
3,900137,화법과작문,114,85,3,미적분,124,90,2,영어,2,생활과윤리,69,98,1,한국지리,68,94,2
5,900137,화법과작문,131,93,2,미적분,131,93,2,영어,1,생활과윤리,64,94,2,한국지리,68,95,2
6평,900137,화법과작문,106,64,4,미적분,103,61,4,영어,1,생활과윤리,61,85,3,한국지리,66,96,1
8,900137,화법과작문,126,91,2,미적분,125,93,2,영어,1,생활과윤리,69,96,1,한국지리,69,97,1
3,900138,화법과작문,110,79,3,미적분,134,97,1,영어,1,화학1,68,95,2,생명과학2,69,96,1
4,900138,화법과작문,121,86,3,미적분,112,73,4,영어,1,화학1,72,98,1,생명과학2,62,93,2
5,900138,화법과작문,120,82,3,미적분,147,99,1,영어,1,화학1,62,95,2,생명과학2,73,99,1
6평,900138,화법과작문,132,96,1,미적분,128,94,2,영어,2,화학1,64,90,2,생명과학2,66,96,1
7,900138,화법과작문,128,91,2,미적분,149,99,1,영어,1,화학1,61,93,2,생명과학2,68,97,1
8,900138,화법과작문,127,92,2,미적분,130,96,1,영어,1,화학1,64,93,2,생명과학2,68,98,1
3,900139,화법과작문,125,95,2,확률과통계,113,76,4,영어,3,생활과윤리,64,93,2,윤리와사상,51,58,5
4,900139,화법과작문,124,89,2,확률과통계,136,97,1,영어,2,생활과윤리,56,89,2,윤리와사상,65,89,2
5,900139,화법과작문,122,85,3,확률과통계,114,74,4,영어,2,생활과윤리,64,94,2,윤리와사상,58,81,3
6평,900139,화법과작문,119,85,3,확률과통계,120,88,3,영어,2,생활과윤리,56,69,4,윤리와사상,65,91,2
7,900139,화법과작문,145,98,1,확률과통계,144,97,1,영어,1,생활과윤리,77,99,1,윤리와사상,71,97,1
8,900139,화법과작문,125,90,2,확률과통계,126,94,2,영어,1,생활과윤리,70,97,1,윤리와사상,62,94,2
3,900140,언어와매체,102,65,4,기하,126,92,2,영어,2,지구과학2,58,77,3,지구과학1,47,46,5
4,900140,언어와매체,105,61,4,기하,125,91,2,영어,2,지구과학2,63,89,2,지구과학1,59,69,4
5,900140,언어와매체,128,91,2,기하,143,98,1,영어,3,지구과학2,59,71,4,지구과학1,50,48,5
6평,900140,언어와매체,110,71,4,기하,114,80,3,영어,2,지구과학2,63,87,3,지구과학1,58,79,3
7,900140,언어와매체,126,90,2,기하,140,96,1,영어,1,지구과학2,56,76,4,지구과학1,64,76,4
8,900140,언어와매체,119,84,3,기하,133,97,1,영어,2,지구과학2,70,98,1,지구과학1,56,74,4
7,900141,언어와매체,110,70,4,미적분,132,91,2,영어,3,물리학1,57,84,3,지구과학1,54,40,5
8,900141,언어와매체,116,80,3,미적분,106,70,4,영어,3,물리학1,53,66,4,지구과학1,53,63,4
7,900142,화법과작문,100,53,5,확률과통계,118,72,4,영어,3,세계지리,48,43,5,동아시아사,43,30,6
8,900142,화법과작문,105,60,4,확률과통계,97,53,5,영어,3,세계지리,48,40,5,동아시아사,,,
7,900143,언어와매체,125,89,2,미적분,137,94,2,영어,1,지구과학1,80,99,1,생명과학1,63,94,2
8,900143,언어와매체,126,91,2,미적분,123,92,2,영어,2,지구과학1,74,99,1,생명과학1,67,95,2
7,900144,화법과작문,139,97,1,확률과통계,144,97,1,영어,2,정치와법,68,96,1,생활과윤리,58,76,4
8,900144,화법과작문,143,99,1,확률과통계,125,93,2,영어,2,정치와법,66,98,1,생활과윤리,62,85,3
7,900145,언어와매체,96,45,5,미적분,118,72,4,영어,3,물리학1,59,88,3,화학1,49,62,4
8,900145,언어와매체,124,89,2,미적분,114,83,3,영어,2,물리학1,56,75,4,화학1,56,76,4
7,900146,화법과작문,131,93,2,확률과통계,124,82,3,영어,3,윤리와사상,65,89,2,정치와법,52,52,5
8,900146,화법과작문,114,76,4,확률과통계,108,74,4,영어,3,윤리와사상,57,86,3,정치와법,48,60,4
7,900147,언어와매체,137,96,1,미적분,141,96,1,영어,1,지구과학1,64,76,4,생명과학1,65,96,1
7,900148,언어와매체,97,47,5,확률과통계,115,67,4,영어,2,생활과윤리,58,76,4,사회문화,53,61,4
8,900148,언어와매체,106,62,4,확률과통계,116,85,3,영어,2,생활과윤리,56,65,4,사회문화,60,81,3
7,900149,화법과작문,143,98,1,확률과통계,132,91,2,영어,2,한국지리,65,94,2,사회문화,73,99,1
8,900149,화법과작문,136,97,1,확률과통계,123,92,2,영어,3,한국지리,66,93,2,사회문화,77,99,1
7,900150,언어와매체,124,88,3,확률과통계,132,91,2,영어,2,정치와법,63,89,2,윤리와사상,62,82,3
8,900150,언어와매체,131,95,2,확률과통계,118,87,3,영어,2,정치와법,60,92,2,윤리와사상,63,95,2
7,900151,화법과작문,108,67,4,확률과통계,131,90,2,영어,3,정치와법,57,72,4,사회문화,56,73,4
8,900151,화법과작문,114,76,4,확률과통계,127,94,2,영어,2,정치와법,53,77,3,사회문화,59,78,3
7,900152,화법과작문,113,75,4,미적분,121,77,3,영어,4,지구과학2,47,45,5,세계지리,53,64,4
7,900153,언어와매체,136,96,1,미적분,125,83,3,영어,2,지구과학2,60,86,3,생명과학2,58,81,3
7,900154,화법과작문,146,99,1,미적분,150,99,1,영어,1,지구과학1,80,99,1,물리학1,66,98,1
8,900154,화법과작문,147,99,1,미적분,142,99,1,영어,1,지구과학1,68,96,1,물리학1,75,99,1
7,900155,언어와매체,122,86,3,기하,131,90,2,영어,1,지구과학1,74,95,2,지구과학2,63,91,2
8,900155,언어와매체,125,90,2,기하,130,96,1,영어,1,지구과학1,65,93,2,지구과학2,68,96,1
7,900156,화법과작문,146,99,1,미적분,128,87,3,영어,1,화학1,67,98,1,생명과학2,72,99,1
8,900156,화법과작문,123,88,3,미적분,131,96,1,영어,1,화학1,69,98,1,생명과학2,65,96,1
7,900157,화법과작문,77,16,7,확률과통계,102,41,5,영어,3,동아시아사,46,41,5,정치와법,63,89,2
8,900157,화법과작문,88,26,6,확률과통계,94,47,5,영어,4,동아시아사,40,18,7,정치와법,50,67,4
7,900158,화법과작문,138,97,1,확률과통계,111,59,5,영어,3,동아시아사,48,48,5,윤리와사상,62,82,3
8,900158,화법과작문,138,98,1,확률과통계,103,65,4,영어,3,동아시아사,50,51,5,윤리와사상,56,84,3
7,900159,화법과작문,147,99,1,기하,126,84,3,영어,1,생명과학2,69,98,1,물리학1,68,99,1
8,900159,화법과작문,133,96,1,기하,138,98,1,영어,1,생명과학2,69,99,1,물리학1,,,
7,900160,언어와매체,86,28,6,미적분,133,92,2,영어,3,생명과학1,58,86,3,지구과학2,55,73,4
7,900161,언어와매체,141,98,1,기하,114,65,4,영어,3,한국지리,58,79,3,정치와법,55,64,4
8,900161,언어와매체,144,99,1,기하,101,61,4,영어,3,한국지리,58,75,4,정치와법,45,48,5
7,900162,화법과작문,129,92,2,확률과통계,108,53,5,영어,3,사회문화,65,94,2,세계지리,60,87,3
8,900162,화법과작문,106,62,4,확률과통계,96,51,5,영어,3,사회문화,74,99,1,세계지리,69,98,1
7,900163,화법과작문,150,99,1,확률과통계,142,97,1,영어,1,사회문화,69,98,1,세계지리,62,91,2
7,900164,언어와매체,127,91,2,미적분,118,72,4,영어,1,지구과학1,74,95,2,생명과학1,58,86,3
7,900165,화법과작문,,,,미적분,118,72,4,영어,1,지구과학1,65,79,3,지구과학2,50,56,5
8,900165,화법과작문,106,62,4,미적분,108,74,4,영어,2,지구과학1,51,56,5,지구과학2,57,78,3
7,900166,화법과작문,144,98,1,미적분,136,94,2,영어,3,화학1,63,95,2,지구과학2,61,88,3
8,900166,화법과작문,129,93,2,미적분,127,94,2,영어,2,화학1,62,90,2,지구과학2,72,99,1
7,900167,언어와매체,150,99,1,미적분,,,,영어,1,생명과학2,66,96,1,생명과학1,69,99,1
8,900167,언어와매체,136,97,1,미적분,132,97,1,영어,1,생명과학2,69,99,1,생명과학1,73,99,1
7,900168,화법과작문,131,93,2,미적분,115,67,4,영어,3,지구과학1,74,95,2,생명과학1,65,96,1
8,900168,화법과작문,125,90,2,미적분,99,57,5,영어,2,지구과학1,67,96,1,생명과학1,66,94,2
7,900169,언어와매체,105,62,4,기하,104,45,5,영어,2,지구과학2,52,63,4,물리학1,62,94,2
8,900169,언어와매체,121,86,3,기하,104,67,4,영어,2,지구과학2,57,78,3,물리학1,62,90,2
7,900170,화법과작문,109,69,4,확률과통계,105,47,5,영어,3,동아시아사,51,59,5,사회문화,49,45,5
8,900170,화법과작문,106,62,4,확률과통계,103,65,4,영어,4,동아시아사,55,69,4,사회문화,49,44,5
7,900171,화법과작문,147,99,1,기하,147,98,1,영어,1,생명과학2,63,92,2,물리학1,70,99,1
8,900171,화법과작문,150,100,1,기하,141,99,1,영어,1,생명과학2,64,95,2,물리학1,80,100,1
7,900172,화법과작문,103,58,5,미적분,125,83,3,영어,3,화학1,58,88,3,지구과학2,46,41,5
8,900172,화법과작문,110,69,4,미적분,100,59,5,영어,3,화학1,49,50,5,지구과학2,40,20,7
3,900187,언어와매체,95,50,5,미적분,98,45,5,영어,3,물리학1,56,69,4,화학1,46,33,6
4,900187,언어와매체,109,68,4,미적분,80,13,7,영어,3,물리학1,48,50,5,화학1,51,53,5
5,900187,언어와매체,118,80,3,미적분,85,22,7,영어,2,물리학1,46,41,5,화학1,50,66,4
3,900188,화법과작문,115,86,3,미적분,119,85,3,영어,2,생명과학2,58,76,4,지구과학1,54,72,4
4,900188,화법과작문,108,66,4,미적분,114,77,3,영어,3,생명과학2,59,87,3,지구과학1,61,76,4
5,900188,화법과작문,106,59,5,미적분,118,80,3,영어,3,생명과학2,61,84,3,지구과학1,54,64,4
6평,900188,화법과작문,123,90,2,미적분,124,91,2,영어,3,생명과학2,56,76,4,지구과학1,55,71,4
3,900189,언어와매체,137,99,1,확률과통계,139,98,1,영어,1,사회문화,61,77,3,생활과윤리,59,82,3
4,900189,언어와매체,137,97,1,확률과통계,126,92,2,영어,2,사회문화,62,91,2,생활과윤리,63,97,1
5,900189,언어와매체,141,97,1,확률과통계,137,96,1,영어,2,사회문화,,,,생활과윤리,58,81,3
6평,900189,언어와매체,122,89,2,확률과통계,115,82,3,영어,2,사회문화,66,95,2,생활과윤리,63,89,2
3,900190,화법과작문,100,61,4,확률과통계,131,95,2,영어,3,세계지리,57,70,4,생활과윤리,56,72,4
5,900190,화법과작문,115,75,4,확률과통계,131,93,2,영어,2,세계지리,65,90,2,생활과윤리,55,72,4
6평,900190,화법과작문,,,,확률과통계,115,82,3,영어,4,세계지리,53,62,4,생활과윤리,54,61,4
3,900191,언어와매체,90,40,5,미적분,119,85,3,영어,4,화학1,65,91,2,생명과학1,60,77,3
4,900191,언어와매체,95,41,5,미적분,120,86,3,영어,2,화학1,59,80,3,생명과학1,57,73,4
5,900191,언어와매체,96,40,5,미적분,119,81,3,영어,3,화학1,45,47,5,생명과학1,57,80,3
6평,900191,언어와매체,89,28,6,미적분,114,80,3,영어,3,화학1,60,81,3,생명과학1,56,77,3
3,900192,언어와매체,101,63,4,확률과통계,105,60,4,영어,3,한국지리,48,35,6,생활과윤리,53,61,4
4,900192,언어와매체,114,76,4,확률과통계,112,73,4,영어,4,한국지리,44,28,6,생활과윤리,38,27,6
5,900192,언어와매체,102,52,5,확률과통계,123,86,3,영어,3,한국지리,46,29,6,생활과윤리,51,56,5
6평,900192,언어와매체,109,69,4,확률과통계,118,86,3,영어,5,한국지리,42,18,7,생활과윤리,50,45,5
3,900193,화법과작문,106,72,4,미적분,95,38,6,영어,4,지구과학2,47,36,6,생명과학2,54,63,4
4,900193,화법과작문,90,32,6,미적분,96,40,5,영어,4,지구과학2,44,31,6,생명과학2,48,46,5
5,900193,화법과작문,111,69,4,미적분,108,63,4,영어,5,지구과학2,51,41,5,생명과학2,51,47,5
6평,900193,화법과작문,88,26,6,미적분,91,37,6,영어,4,지구과학2,59,76,4,생명과학2,47,41,5
3,900194,화법과작문,109,77,3,미적분,111,72,4,영어,3,생명과학1,69,95,2,지구과학2,55,67,4
4,900194,화법과작문,110,70,4,미적분,113,75,4,영어,3,생명과학1,73,98,1,지구과학2,55,69,4
6평,900194,화법과작문,100,51,5,미적분,103,61,4,영어,4,생명과학1,58,82,3,지구과학2,59,76,4
3,900195,언어와매체,89,38,6,미적분,,,,영어,5,생명과학1,54,54,5,물리학1,48,39,6
4,900195,언어와매체,92,36,6,미적분,98,44,5,영어,5,생명과학1,,,,물리학1,37,14,7
5,900195,언어와매체,93,35,6,미적분,88,26,6,영어,3,생명과학1,50,57,5,물리학1,45,38,6
6평,900195,언어와매체,85,21,7,미적분,91,37,6,영어,4,생명과학1,50,55,5,물리학1,46,35,6
4,900196,언어와매체,112,73,4,확률과통계,117,81,3,영어,2,세계지리,55,73,4,윤리와사상,74,99,1
5,900196,언어와매체,123,86,3,확률과통계,119,81,3,영어,2,세계지리,64,88,3,윤리와사상,71,99,1
6평,900196,언어와매체,123,90,2,확률과통계,113,79,3,영어,3,세계지리,59,82,3,윤리와사상,70,97,1
3,900197,화법과작문,112,82,3,기하,121,87,3,영어,3,물리학1,65,92,2,지구과학1,60,88,3
6평,900197,화법과작문,115,80,3,기하,105,65,4,영어,3,물리학1,63,89,2,지구과학1,51,57,5
3,900198,화법과작문,109,77,3,미적분,113,76,4,영어,2,물리학1,59,79,3,화학1,62,85,3
4,900198,화법과작문,118,82,3,미적분,115,78,3,영어,2,물리학1,52,65,4,화학1,59,80,3
5,900198,화법과작문,111,69,4,미적분,128,91,2,영어,2,물리학1,52,63,4,화학1,57,87,3
6평,900198,화법과작문,116,81,3,미적분,108,71,4,영어,2,물리학1,50,50,5,화학1,56,68,4
3,900199,언어와매체,123,93,2,확률과통계,114,77,3,영어,2,세계지리,61,83,3,사회문화,61,77,3
4,900199,언어와매체,132,95,2,확률과통계,111,71,4,영어,2,세계지리,49,50,5,사회문화,60,87,3
5,900199,언어와매체,137,96,1,확률과통계,118,80,3,영어,2,세계지리,57,68,4,사회문화,67,91,2
6평,900199,언어와매체,126,92,2,확률과통계,120,88,3,영어,2,세계지리,60,85,3,사회문화,58,81,3
7,900199,언어와매체,133,95,2,확률과통계,137,94,2,영어,2,세계지리,54,68,4,사회문화,61,87,3
8,900199,언어와매체,132,95,2,확률과통계,120,89,2,영어,1,세계지리,60,85,3,사회문화,68,95,2
3,900200,화법과작문,133,98,1,확률과통계,113,76,4,영어,2,동아시아사,58,80,3,윤리와사상,60,87,3
4,900200,화법과작문,132,95,2,확률과통계,121,87,3,영어,3,동아시아사,68,97,1,윤리와사상,68,94,2
5,900200,화법과작문,144,98,1,확률과통계,113,72,4,영어,2,동아시아사,66,92,2,윤리와사상,66,96,1
7,900200,화법과작문,141,98,1,확률과통계,130,89,2,영어,2,동아시아사,70,97,1,윤리와사상,71,97,1
8,900200,화법과작문,150,100,1,확률과통계,120,89,2,영어,2,동아시아사,66,93,2,윤리와사상,63,95,2
3,900201,화법과작문,110,79,3,미적분,113,76,4,영어,3,화학1,57,72,4,생명과학2,61,84,3
4,900201,화법과작문,115,78,3,미적분,105,59,5,영어,3,화학1,58,78,3,생명과학2,47,42,5
6평,900201,화법과작문,112,75,4,미적분,112,77,3,영어,3,화학1,57,72,4,생명과학2,51,58,5
7,900201,화법과작문,119,83,3,미적분,118,72,4,영어,2,화학1,60,92,2,생명과학2,61,88,3
8,900201,화법과작문,126,91,2,미적분,105,69,4,영어,2,화학1,62,90,2,생명과학2,60,89,2
3,900202,화법과작문,98,57,5,확률과통계,102,53,5,영어,3,세계지리,53,54,5,사회문화,49,35,6
4,900202,화법과작문,93,38,6,확률과통계,114,77,3,영어,3,세계지리,48,46,5,사회문화,47,41,5
5,900202,화법과작문,109,65,4,확률과통계,116,77,3,영어,3,세계지리,44,18,7,사회문화,63,83,3
7,900202,화법과작문,104,60,4,확률과통계,132,91,2,영어,2,세계지리,49,48,5,사회문화,61,87,3
8,900202,화법과작문,111,71,4,확률과통계,121,90,2,영어,2,세계지리,53,61,4,사회문화,60,81,3
4,900203,화법과작문,113,75,4,미적분,99,46,5,영어,4,사회문화,54,70,4,윤리와사상,56,61,4
5,900203,화법과작문,107,61,4,미적분,95,38,6,영어,3,사회문화,60,74,4,윤리와사상,45,30,6
6평,900203,화법과작문,105,61,4,미적분,104,63,4,영어,2,사회문화,46,38,6,윤리와사상,51,48,5
7,900203,화법과작문,110,70,4,미적분,108,53,5,영어,2,사회문화,59,82,3,윤리와사상,59,72,4
8,900203,화법과작문,124,89,2,미적분,102,63,4,영어,2,사회문화,,,,윤리와사상,48,57,5
3,900204,언어와매체,118,89,2,미적분,121,87,3,영어,2,동아시아사,68,97,1,한국지리,80,100,1
4,900204,언어와매체,124,89,2,미적분,125,91,2,영어,3,동아시아사,67,96,1,한국지리,77,100,1
6평,900204,언어와매체,116,81,3,미적분,122,90,2,영어,2,동아시아사,69,97,1,한국지리,68,97,1
8,900204,언어와매체,141,98,1,미적분,125,93,2,영어,1,동아시아사,74,99,1,한국지리,72,98,1
